quarter,n_deals,market_log_level_q,actual_log_price_median,geo_score_q,project_score_q,quarter_period,eur_rub_avg_q,eur_rub_eoq,eur_rub_max_q,eur_rub_min_q,eur_rub_obs_n,family_mortgage_new_rules_active_q,imoex_avg_q,imoex_eoq,imoex_max_q,imoex_min_q,imoex_obs_n,it_mortgage_new_rules_active_q,mortgage_avg_ticket_mln_rub_q,mortgage_total_count_q,mortgage_total_rate_pct_q,mortgage_total_volume_mln_rub_q,rgbi_avg_q,rgbi_eoq,rgbi_max_q,rgbi_min_q,rgbi_obs_n,subsidized_mortgage_2020_active_q,usd_rub_avg_q,usd_rub_eoq,usd_rub_max_q,usd_rub_min_q,usd_rub_obs_n,eur_rub_log_return_q,eur_rub_qoq_change,imoex_log_return_q,imoex_qoq_change,mortgage_total_count_q_log_return_q,mortgage_total_count_q_qoq_change,mortgage_total_rate_pct_q_log_return_q,mortgage_total_rate_pct_q_qoq_change,mortgage_total_volume_mln_rub_q_log_return_q,mortgage_total_volume_mln_rub_q_qoq_change,rgbi_log_return_q,rgbi_qoq_change,usd_rub_log_return_q,usd_rub_qoq_change,key_rate_avg_q,key_rate_eoq,key_rate_max_q,key_rate_min_q,key_rate_obs_n,key_rate_log_return_q,key_rate_qoq_change,is_train,is_test,market_log_ret_q,pred_market_log_level_direct,pred_market_log_ret,pred_market_log_level_from_ret,pred_market_log_level_from_ret_train_path
2015Q1,1,12.733139032233348,12.510335248129175,0.2977529653589168,-0.5205567494630902,2015Q1,71.02302,63.3695,78.79,62.0811,55,0,1664.3003389830508,1626.18,1838.18,1435.66,59,0,3.42963514519732,53.72,14.753333333333332,184.24,107.50627118644069,112.87,113.82,99.17,59,0,63.191936363636366,58.4643,69.664,56.2376,55,-0.0755520811119128,-4.973199999999991,0.1521858344552384,229.57000000000016,-0.8255493990494616,-68.92999999999998,0.1378658648805588,1.8999999999999984,-0.975100215970408,-304.26,0.068853656532509,7.510000000000005,0.0384609482765707,2.2059,15.533333333333331,14.0,17.0,14.0,90.0,-0.1941560144409577,-3.0,True,False,,12.593864231249855,-0.09565589403138051,,12.733139032233348
2015Q2,4,12.22585988436182,12.194887290492776,0.1138740241419976,-0.15537106047161067,2015Q2,58.25827704918033,61.5206,63.3221,52.9087,61,0,1666.935737704918,1654.55,1721.8,1609.19,61,0,3.923866269447202,60.42,13.48,237.08,118.44688524590164,118.48,120.65,113.74,61,0,52.7653,55.524,58.3536,49.1777,61,-0.0296105950597418,-1.8489000000000004,0.0172953624276379,28.36999999999989,0.1175348043034896,6.700000000000003,-0.0902619404706328,-1.2733333333333334,0.2521583814072077,52.839999999999975,0.0485074559920084,5.609999999999999,-0.0516009518324578,-2.9403000000000006,12.895604395604396,11.5,14.0,11.5,91.0,-0.1967102942460541,-2.5,True,False,-0.5072791478715288,12.164864809879074,-0.14327222472742346,,12.589866807505924
2015Q3,2,12.35310708770692,12.804536508700037,0.45170594286289906,-0.00027652186978059656,2015Q3,70.14005909090909,74.5825,81.1533,61.5661,66,0,1667.159393939394,1642.97,1733.17,1584.92,66,0,3.776061776061777,75.11,13.056666666666668,283.62000000000006,118.49848484848484,119.0,121.82,114.72,66,0,63.0036196969697,66.2367,70.7465,55.4756,66,0.19253381716437,13.061899999999994,-0.0070234889267259,-11.579999999999927,0.2176335297393938,14.689999999999998,-0.0319082464745306,-0.423333333333332,0.1792376771135631,46.54000000000008,0.0043793231519861,0.519999999999996,0.1764193302825614,10.712699999999998,11.179347826086955,11.0,11.5,11.0,92.0,-0.0444517625708336,-0.5,True,False,0.1272472033451013,12.216077035428572,-0.0900106831668174,,12.499856124339107
2015Q4,1352,11.979399868215594,12.018603357279787,0.07631647067874905,-0.011705688615898109,2015Q4,72.37913846153846,79.6972,79.6972,68.7903,65,0,1740.65828125,1761.36,1868.07,1612.56,64,0,3.479365079365078,126.0,12.87,438.3999999999999,124.5934375,126.25,127.03,119.23,64,0,66.05264153846154,72.8827,72.8827,61.1535,65,0.0663285581949182,5.114699999999999,0.0695806583161537,118.38999999999989,0.5173282012535578,50.89,-0.0143998374015952,-0.1866666666666674,0.4354964216006047,154.7799999999998,0.0591405750439397,7.25,0.0956166094709258,6.646000000000001,11.0,11.0,11.0,11.0,92.0,0.0,0.0,True,False,-0.373707219491326,12.071332033632334,-0.09704887165955618,,12.402807252679551
2016Q1,3798,11.934835368327263,11.982435222281294,0.0026327752335298313,-0.01644653906357719,2016Q1,82.6891125,76.5386,91.1814,75.6902,56,0,1787.5160655737704,1871.15,1914.02,1608.36,61,0,3.549768417373066,114.43,12.353333333333332,406.2,125.99180327868852,129.61,129.97,121.15,61,0,74.91030178571428,67.6076,83.5913,67.6076,56,-0.0404392646943492,-3.1585999999999927,0.0604669771871808,109.7900000000002,-0.0963186246218548,-11.569999999999991,-0.040973089418931,-0.5166666666666657,-0.0762860864875207,-32.199999999999875,0.0262658732798142,3.3600000000000136,-0.0751308967012622,-5.275099999999995,11.0,11.0,11.0,11.0,91.0,0.0,0.0,True,False,-0.044564499888331,12.015015913929362,-0.054118216187344866,,12.348689036492207
2016Q2,5676,11.931919421800316,11.957425371514706,0.0026327752335298313,-0.02670104329789611,2016Q2,74.4400131147541,71.2102,78.2798,71.2102,61,0,1905.314262295082,1891.09,1969.89,1841.73,61,0,3.677739174646217,118.01,12.796666666666669,434.0100000000001,130.46262295081968,132.78,132.78,128.85,61,0,65.92980983606557,64.2575,68.8901,63.7162,61,-0.0721591221562585,-5.328400000000002,0.0106001672994864,19.939999999999827,0.0308060843080344,3.579999999999984,0.0352587881554926,0.4433333333333333,0.0662219261633243,27.81000000000006,0.0241636818557298,3.1699999999999875,-0.0508219542848431,-3.350100000000012,10.906593406593409,10.5,11.0,10.5,91.0,-0.046520015634893,-0.5,True,False,-0.002915946526947266,12.001773994885436,-0.04462054047431204,,12.304068496017894
2016Q3,7781,11.968232233245423,12.045880418923426,0.006112142925800611,-0.013361713022458192,2016Q3,72.11813636363635,70.8823,74.9007,69.6967,66,0,1964.3469696969696,1978.0,2053.75,1879.42,66,0,3.718551023920152,116.22000000000004,12.5,432.1700000000001,133.43363636363637,134.56,135.58,131.9,66,0,64.61056666666667,63.1581,67.0512,62.9891,66,-0.0046153116040938,-0.3278999999999996,0.0449328507910724,86.91000000000008,-0.0152844199906976,-1.7899999999999636,-0.0234560760363411,-0.2966666666666668,-0.0042485459550851,-1.839999999999975,0.0133165729336246,1.7800000000000011,-0.017257341875875,-1.0993999999999955,10.434782608695652,10.0,10.5,10.0,92.0,-0.0487901641694317,-0.5,True,False,0.03631281144510723,12.000553544233886,-0.033538219925488125,,12.270530276092407
2016Q4,8858,11.963010144799304,12.007300740668068,-0.0006219752764385772,0.005180839775510159,2016Q4,67.98296153846154,63.8111,71.3491,63.0214,65,0,2072.015625,2232.72,2247.02,1952.69,64,0,3.8739148697843744,142.83999999999995,11.993333333333332,553.3499999999999,133.2146875,134.72,135.07,131.48,64,0,62.9801276923077,60.6569,65.8591,60.273,65,-0.1050935985712993,-7.0711999999999975,0.1211343399457556,254.7199999999998,0.2062401760792873,26.619999999999948,-0.0413777044539784,-0.5066666666666677,0.2471716833562709,121.17999999999984,0.0011883542693782,0.1599999999999966,-0.0404077101667956,-2.501199999999997,10.0,10.0,10.0,10.0,92.0,0.0,0.0,True,False,-0.005222088446119599,11.99437004790347,-0.052246626422928814,,12.218283649669479
2017Q1,7276,11.961174406885627,11.970223713704845,-0.07737328513039282,0.0178307542600898,2017Q1,62.57571428571429,60.595,65.0322,60.0249,56,0,2125.9622580645164,1995.9,2285.43,1973.96,62,0,3.977904554921669,110.43,11.746666666666668,439.28,135.75564516129032,136.77,136.84,134.52,62,0,58.641644642857145,56.3779,60.3196,56.3779,56,-0.051714774988544,-3.2161000000000044,-0.1121254967124611,-236.8199999999997,-0.2573432866672078,-32.40999999999997,-0.0207814274544078,-0.2466666666666643,-0.2308536897401776,-114.06999999999994,0.0151021323994431,2.050000000000012,-0.0731561586961024,-4.279000000000004,9.98611111111111,9.75,10.0,9.75,90.0,-0.0253178079842899,-0.25,True,False,-0.0018357379136766383,11.998802130343622,-0.028636309985721323,,12.189647339683757
2017Q2,7880,11.97670062140798,11.9539538817762,-0.07737328513039282,0.007468242940620303,2017Q2,62.78874098360656,67.4993,67.6868,59.6124,61,0,1938.4022950819672,1879.5,2056.32,1817.82,61,0,4.016461465206449,147.01,11.293333333333331,590.46,137.7973770491803,137.82,138.7,136.16,61,0,57.09763770491803,59.0855,60.1482,55.8453,61,0.1079048460338905,6.904300000000006,-0.0600892924117184,-116.40000000000008,0.2861187756168357,36.579999999999984,-0.0393569312841255,-0.4533333333333367,0.2957648711683323,151.18000000000006,0.0076478030356019,1.049999999999983,0.0469083096984013,2.7076000000000064,9.387362637362637,9.0,9.75,9.0,91.0,-0.0800427076735363,-0.75,True,False,0.015526214522353143,11.993085113859376,-0.04965684771266421,,12.139990491971094
2017Q3,9990,11.971168235844939,11.95578589833059,-0.09694284593046362,0.01943040033457332,2017Q3,69.28792424242424,68.4483,71.9527,67.2016,66,0,1981.362,2077.19,2081.12,1902.59,65,0,4.019468438538207,150.5,10.57,604.9300000000001,138.45584615384615,139.66,140.02,136.94,65,0,59.01548636363636,58.0169,60.7503,56.9966,66,0.0139614883252496,0.948999999999998,0.1000102347814175,197.69000000000003,0.0234624725130547,3.490000000000009,-0.0661927812335974,-0.7233333333333309,0.0242108547185049,14.470000000000027,0.013262411488828,1.8400000000000036,-0.0182512000258157,-1.0686000000000035,8.929347826086957,8.5,9.0,8.5,92.0,-0.0571584138399487,-0.5,True,False,-0.005532385563041586,11.994616937326034,-0.026865736583884928,,12.11312475538721
2017Q4,12374,11.974317180401258,11.951825349164631,-0.09655593572464619,0.015359308055321416,2017Q4,68.7838734375,68.8668,71.1721,67.2179,64,0,2111.6409375,2109.74,2183.61,2046.69,64,0,4.155543272995257,217.11,9.996666666666666,902.21,140.40546875,141.49,141.49,139.49,64,0,58.4022109375,57.6002,60.249,57.0861,64,0.0060954883443855,0.4184999999999945,0.0155486983430996,32.54999999999973,0.3664410533572155,66.60999999999996,-0.0557680957893382,-0.5733333333333341,0.3997345600722619,297.28,0.0130181457899718,1.8300000000000125,-0.0072083074960183,-0.4166999999999987,8.252717391304348,7.75,8.5,7.75,92.0,-0.0923733201310152,-0.75,True,False,0.0031489445563188667,11.961836500179187,-0.028327760840929778,,12.08479699454628
2018Q1,10136,11.980582684478321,11.952469886731256,-0.07737328513039282,0.015959796360579252,2018Q1,69.95565892857142,70.5618,71.3943,67.8841,56,0,2275.4325000000003,2270.98,2353.16,2152.97,60,0,4.087195292799104,178.45,9.806666666666668,729.36,143.71733333333336,144.98,145.24,141.77,60,0,56.81486964285715,57.2649,58.1718,55.6717,56,0.0243147174532616,1.6950000000000074,0.0736467392449427,161.24000000000024,-0.1960956876099766,-38.65999999999997,-0.0191892775876261,-0.1899999999999995,-0.2126798716530684,-172.85000000000002,0.0243667586648701,3.4899999999999807,-0.0058381693372382,-0.3353000000000037,7.6,7.25,7.75,7.25,90.0,-0.0666913744986721,-0.5,True,False,0.0062655040770636106,12.04000504251325,-0.003930787113907002,,12.080866207432374
2018Q2,12058,12.001876843017966,12.000265386037013,-0.03882931125744724,0.01059817541842177,2018Q2,73.82194918032786,72.9921,79.2839,70.5926,61,0,2271.66203125,2295.95,2357.62,2090.88,64,0,4.300711574952562,210.8,9.583333333333334,906.59,142.25375,139.98,145.01,138.8,64,0,61.91300655737705,62.7565,64.0683,57.285,61,0.0338622945369531,2.4302999999999884,0.0109352448251573,24.9699999999998,0.1666013667310384,32.35000000000002,-0.0230369479299321,-0.2233333333333327,0.2175228709464578,177.23000000000002,-0.0350962466113378,-5.0,0.091574287723839,5.491600000000005,7.25,7.25,7.25,7.25,91.0,0.0,0.0,True,False,0.02129415853964467,12.016536401483329,0.004808507582827132,,12.085674715015202
2018Q3,13888,12.011414359697493,12.019803304673854,-0.06355711898908709,0.022134311983532315,2018Q3,76.21766153846154,76.2294,81.3942,72.4659,65,0,2327.433692307692,2475.36,2475.36,2247.82,65,0,4.466589273276061,215.35,9.413333333333334,961.88,136.45015384615385,135.09,140.9,130.52,65,0,65.55148153846154,65.5906,69.9744,62.098,65,0.0433959989380543,3.2373000000000047,0.0752391387719084,179.4100000000003,0.021354794832912,4.550000000000011,-0.017898354618318,-0.1699999999999999,0.0591993945371642,55.28999999999985,-0.0355583322798036,-4.889999999999986,0.0441702346950991,2.8340999999999923,7.288043478260869,7.5,7.5,7.25,92.0,0.0339015516756813,0.25,True,False,0.009537516679527513,12.112836683490015,0.007888109283828533,,12.09356282429903
2018Q4,19587,12.04583673283557,12.038186396532474,-0.049038649129010924,0.011981474896179359,2018Q4,75.93918307692309,79.4605,79.6581,74.4189,65,0,2379.5712307692306,2369.33,2493.91,2290.86,65,0,4.530797297785486,276.80999999999995,9.536666666666669,1254.17,133.88815384615384,134.31,135.36,132.05,65,0,66.5176276923077,69.4706,69.5218,65.2221,65,0.0415128277886109,3.231099999999998,-0.0437786252308196,-106.0300000000002,0.2510667387584542,61.45999999999992,0.0130168944369772,0.123333333333333,0.2653395754325292,292.2900000000002,-0.0057906620606065,-0.7800000000000011,0.0574712484894028,3.8800000000000097,7.540760869565218,7.75,7.75,7.5,92.0,0.0327898228229908,0.25,True,False,0.03442237313807617,12.109092647698096,-0.002354680249104267,,12.091208144049926
2019Q1,12601,12.086834632071904,12.078282909431886,-0.0352563044095938,-0.0014407142963554914,2019Q1,74.6838701754386,72.723,77.2105,72.5808,57,0,2479.6995,2497.1,2547.27,2375.6,60,0,4.53686920700309,194.2,10.173333333333334,881.06,136.4145,136.78,137.69,134.41,60,0,65.74295789473683,64.7347,67.192,63.742,57,-0.0886023396971484,-6.737499999999997,0.0525228437956011,127.76999999999998,-0.3544427944013488,-82.60999999999996,0.0646258993542376,0.6366666666666667,-0.3531035501488331,-373.1100000000001,0.0182232347489668,2.469999999999999,-0.0706062622674812,-4.735900000000001,7.75,7.75,7.75,7.75,90.0,0.0,0.0,True,False,0.040997899236334234,12.12592509175326,0.012465316387607008,,12.103673460437532
2019Q2,14017,12.116215876273314,12.136186518066006,-0.03213776841282055,0.0020424336822746497,2019Q2,72.50686779661017,71.8179,73.5231,71.2323,59,0,2627.753387096774,2765.85,2780.2,2508.87,62,0,4.753605015673981,191.4,10.416666666666666,909.84,138.713064516129,142.19,142.55,136.37,62,0,64.52174406779662,63.0756,65.5547,62.5229,59,-0.0125239545393434,-0.9051000000000043,0.1022179432837431,268.75,-0.0145230768383708,-2.799999999999983,0.0236371697661539,0.2433333333333323,0.0321430318322235,28.779999999999973,0.0387903957383324,5.409999999999997,-0.0259633722546457,-1.6591000000000022,7.711538461538462,7.5,7.75,7.5,91.0,-0.0327898228229908,-0.25,True,False,0.029381244201410084,12.142020547575598,-0.005361141376155621,,12.098312319061376
2019Q3,12627,12.138541649952781,12.149581603066048,-0.0352563044095938,0.0071207383022475895,2019Q3,71.85655846153847,70.3161,73.9766,70.0193,65,0,2740.17893939394,2747.18,2842.78,2615.2,66,0,4.826034698996655,191.36,9.936666666666667,923.51,143.765,145.14,145.34,142.39,66,0,64.59361846153847,64.4156,66.9072,62.8129,65,-0.0211329575162997,-1.5017999999999887,-0.0067730708423514,-18.670000000000076,-0.0002090082565873,-0.039999999999992,-0.0471754684924303,-0.4799999999999986,0.0149128680748091,13.670000000000073,0.0205346024417076,2.9499999999999886,0.0210218328337283,1.3399999999999963,7.266304347826087,7.0,7.5,7.0,92.0,-0.0689928714869514,-0.5,True,False,0.02232577367946753,12.08459162722135,0.018852269461051896,,12.117164588522428
2019Q4,14515,12.159723969848123,12.176981316505996,-0.028183587370992122,0.006196054177957294,2019Q4,70.53603692307692,69.3406,71.4785,68.4065,65,0,2895.98890625,3045.87,3050.47,2692.55,64,0,5.09155610567439,258.53,9.173333333333334,1316.32,149.0728125,150.57,150.57,145.1,64,0,63.74488615384615,61.9057,65.4399,61.7164,65,-0.0139701978544914,-0.9755000000000108,0.1032116436442267,298.69000000000005,0.3008552706110619,67.16999999999996,-0.0799308946248369,-0.7633333333333336,0.3544136154696211,392.81,0.0367292984849614,5.430000000000007,-0.0397435803432024,-2.5098999999999947,6.603260869565218,6.25,7.0,6.25,92.0,-0.113328685307003,-0.75,True,False,0.021182319895341806,12.094739480574265,0.004374672040063128,,12.121539260562491
2020Q1,13105,12.203582886582419,12.211307270941333,-0.03213776841282055,0.00031699226889177895,2020Q1,73.41285,85.7389,87.2669,67.8162,56,0,2876.6418333333336,2508.81,3219.92,2112.64,60,0,5.225001019950226,245.11,8.793333333333335,1280.7,149.19333333333333,146.92,153.38,137.04,60,0,66.62626607142857,77.7325,80.8815,60.9474,56,0.2122760383694713,16.398300000000006,-0.1939780375036264,-537.06,-0.0533046519979425,-13.41999999999996,-0.0423068657759744,-0.379999999999999,-0.0274331609885933,-35.61999999999989,-0.0245398713834852,-3.6500000000000057,0.2276611858815584,15.8268,6.1098901098901095,6.0,6.25,6.0,91.0,-0.0408219945202552,-0.25,True,False,0.04385891673429576,12.20891813011903,0.04449246105263956,,12.16603172161513
2020Q2,8292,12.239078320123998,12.26434155365415,-0.03447182891020098,-0.006077675242460771,2020Q2,79.30264107142857,78.6812,83.6826,76.6243,56,0,2676.74131147541,2743.2,2831.08,2473.61,61,0,4.9535092644581695,178.1,7.883333333333333,882.22,153.69229508196722,155.08,157.55,146.44,61,1,72.04791428571428,69.9513,77.0416,68.3123,56,-0.0859023865462287,-7.057699999999997,0.0893165850311783,234.38999999999987,-0.3193618990797695,-67.01000000000002,-0.1092430323512267,-0.910000000000002,-0.3727206244219241,-398.48,0.0540528918512617,8.160000000000025,-0.1054741596969428,-7.781199999999998,5.543956043956044,4.5,6.0,4.5,91.0,-0.2876820724517808,-1.5,True,False,0.03549543354157869,12.18048015324519,0.04938958295825925,,12.21542130457339
2020Q3,19085,12.27471847591631,12.311783099952288,-0.017666320406225393,-0.011162407666170118,2020Q3,85.95532727272727,93.0237,93.0237,78.9929,66,0,2917.4513846153845,2905.81,3080.44,2744.54,65,0,5.418833952557875,349.9,7.416666666666667,1896.05,154.12953846153846,152.36,156.01,151.97,65,1,73.56878333333334,79.6845,79.6845,70.4413,66,0.1674500543402493,14.3425,0.0575870588756819,162.61000000000013,0.6753022090780263,171.79999999999998,-0.0610211063256924,-0.4666666666666659,0.7650865957651654,1013.8300000000002,-0.0176949711923253,-2.719999999999999,0.1302758019430969,9.733199999999997,4.320652173913044,4.25,4.5,4.25,92.0,-0.0571584138399487,-0.25,True,False,0.035640155792313166,12.261792189620987,0.044545517849094586,,12.259966822422484
2020Q4,21522,12.336620596817454,12.354492650648448,-0.017666320406225393,-0.02031035673172065,2020Q4,90.83055692307693,90.6824,93.757,88.5847,65,0,3019.6828125,3289.02,3289.02,2690.59,64,0,5.650796908133251,438.5700000000001,7.446666666666666,2478.27,153.705625,153.15,154.56,151.86,64,1,76.20301076923077,73.8757,80.5749,72.9272,65,-0.0254910074118992,-2.341300000000004,0.1238774670218223,383.21,0.2258720348179919,88.67000000000007,0.0040367850288052,0.0299999999999993,0.2677879613160092,582.2199999999998,0.005171691668381,0.789999999999992,-0.0756911364385706,-5.808800000000005,4.25,4.25,4.25,4.25,92.0,0.0,0.0,True,False,0.06190212090114322,12.275955996453424,0.0765874338634777,,12.336554256285963
2021Q1,14737,12.403794278876871,12.407224993161112,-0.016526486261132865,-0.022270156223238517,2021Q1,89.55501785714286,88.8821,92.2963,86.9693,56,0,3436.896229508197,3541.72,3589.83,3277.08,61,0,5.967938311688312,320.32,7.44,1911.65,149.30639344262295,145.61,153.53,144.27,61,1,74.36855178571429,75.7023,76.2527,72.9619,56,-0.0200525195701768,-1.8003000000000071,0.0740228367884388,252.69999999999985,-0.3141989380647789,-118.25000000000006,-0.0008956561279442,-0.0066666666666659,-0.2595939926297363,-566.6199999999999,-0.0504860185559703,-7.539999999999992,0.0244245919263121,1.8265999999999991,4.277777777777778,4.5,4.5,4.25,90.0,0.0571584138399487,0.25,True,False,0.06717368205941732,12.380753355190533,0.09585165810233826,,12.432405914388301
2021Q2,17388,12.480721635260327,12.49562821038263,-0.020831946814448603,-0.014031145316733353,2021Q2,89.47382903225807,86.2026,92.3321,85.9943,62,0,3681.05140625,3841.85,3860.18,3486.03,64,0,6.365094089583887,377.3,7.336666666666667,2401.55,145.0925,144.08,146.2,143.83,64,1,74.29357580645161,72.3723,77.773,71.6797,62,-0.0306104327872249,-2.6794999999999902,0.0813415365661445,300.1300000000001,0.1637201308434086,56.97999999999996,-0.01398624197474,-0.1033333333333335,0.228147618747232,489.9000000000001,-0.0105631138551132,-1.5300000000000011,-0.0449849135751927,-3.3299999999999983,4.950549450549451,5.5,5.5,4.5,91.0,0.2006706954621511,1.0,True,False,0.0769273563834556,12.447876078732396,0.06176298628052634,,12.494168900668827
2021Q3,14017,12.538230795360361,12.547851278295521,-0.01380367845227639,-0.025446141957072482,2021Q3,86.64525757575757,84.8755,88.7755,84.6752,66,0,3900.004848484849,4103.52,4103.52,3693.42,66,0,6.515645569620253,296.25,8.06,1930.26,144.4780303030303,142.55,145.76,142.55,66,1,73.47093484848484,72.7608,75.1952,72.4329,66,-0.0155148627500549,-1.3271000000000015,0.0658911205452348,261.6700000000005,-0.241836934520923,-81.04999999999995,0.0940289496482764,0.7233333333333336,-0.2184596533571889,-471.2900000000002,-0.0106758855090189,-1.5300000000000011,0.0053537191439003,0.3885000000000076,6.277173913043479,6.75,6.75,5.5,92.0,0.2047944126460132,1.25,True,False,0.05750916010003415,12.54473265548069,0.0922727249031644,,12.586441625571991
2021Q4,19483,12.567550999394436,12.57673576220567,-0.01057942101226917,-0.024156785358410433,2021Q4,83.0673984375,84.0695,84.9526,80.7019,64,0,4014.195625,3787.26,4287.52,3618.31,64,0,6.978360359342335,353.98,7.760000000000001,2470.2,137.05578125,135.77,142.24,133.57,64,1,72.6543046875,74.2926,75.5873,69.5526,64,-0.0095416391729541,-0.8059999999999974,-0.0802023394727733,-316.2600000000002,0.1780367219132665,57.73000000000002,-0.0379312223234094,-0.2999999999999998,0.2466444101523306,539.9399999999998,-0.0487305377464917,-6.780000000000001,0.0208340018904822,1.5317999999999898,7.434782608695652,8.5,8.5,6.75,92.0,0.2305236586118322,1.75,True,False,0.029320204034075203,12.570826728866946,0.04442096862325738,,12.630862594195248
2022Q1,17697,12.61541765817245,12.607737173909365,-0.01057942101226917,-0.023475914876867912,2022Q1,97.796475,93.696,132.9581,84.6709,56,0,3346.6428888888886,2703.51,3873.49,2058.12,45,0,6.802299689724403,273.95,8.136666666666668,1863.49,124.72404255319148,116.97,136.45,102.45,47,1,87.3478625,84.0851,120.3785,74.5277,56,0.1084116611940366,9.626499999999991,-0.3370918737492188,-1083.75,-0.2562948063781833,-80.03000000000003,0.0473982615416317,0.3766666666666678,-0.2818480453453098,-606.7099999999998,-0.1490447859495738,-18.80000000000001,0.123818030714581,9.792500000000004,12.744444444444444,20.0,20.0,8.5,90.0,0.8556661100577201,11.5,True,False,0.047866658778014326,12.602407642542351,0.03897035657579621,,12.669832950771044
2022Q2,11090,12.63335853753474,12.580987475933824,-0.01380367845227639,-0.04556036778452142,2022Q2,70.62439166666667,53.858,92.493,53.858,60,0,2394.116666666667,2204.85,2787.69,2186.22,60,0,7.284785238959467,132.24,6.253333333333333,963.34,127.18533333333332,134.62,135.1,115.22,60,1,66.51414,51.158,83.5932,51.158,60,-0.5537045455133747,-39.838,-0.2038914493679344,-498.6600000000003,-0.7283271544716552,-141.70999999999998,-0.2632659408267905,-1.8833333333333355,-0.6597999398289573,-900.1500000000001,0.1405385029199513,17.650000000000006,-0.4969104983417156,-32.9271,13.983516483516484,9.5,20.0,9.5,91.0,-0.7444404749474955,-10.5,True,False,0.017940879362289053,12.640921786954165,-0.03614191073035546,,12.633691040040688
2022Q3,14728,12.608646639450528,12.573046305173579,-0.01057942101226917,-0.04370553030757902,2022Q3,59.82493636363636,55.4064,64.326,54.6405,66,0,2207.930757575757,1957.31,2488.44,1933.35,66,0,8.008355135454469,236.98,6.066666666666666,1897.82,134.13242424242424,125.74,136.24,125.74,66,1,59.47827272727272,57.413,63.1427,52.5123,66,0.0283441571612037,1.5484000000000009,-0.1190883977818462,-247.54,0.5833572958758246,104.74,-0.0303053494953289,-0.1866666666666665,0.6780547251727658,934.4800000000002,-0.068239711627652,-8.88000000000001,0.1153518756137939,6.254999999999996,8.326086956521738,7.5,9.5,7.5,92.0,-0.2363887780642306,-2.0,True,False,-0.02471189808421137,12.569006524530087,-0.025044400590157598,12.608646639450528,12.60864663945053
2022Q4,15609,12.606692106060537,12.548328091398776,-0.03213776841282055,-0.042123604325160685,2022Q4,63.98105692307692,75.6553,76.6446,52.7379,65,0,2129.6709375,2154.12,2244.77,1916.97,64,0,7.622539544791132,253.51,6.54,1932.39,129.96203125,130.4,130.89,126.94,64,1,62.69369692307692,70.3375,72.1306,55.2987,65,0.3114923867181609,20.2489,0.0958112058967186,196.80999999999997,0.0674275205963583,16.529999999999973,0.0751278600544673,0.4733333333333336,0.0180517197524228,34.56999999999971,0.0363903665376375,4.660000000000011,0.2030343262405534,12.924500000000007,7.5,7.5,7.5,7.5,92.0,0.0,0.0,False,True,-0.0019545333899912976,12.767143390165462,-0.021248256224302833,12.587398383226226,12.587398383226228
2023Q1,13899,12.614199628532292,12.587890344632346,-0.03213776841282055,-0.024985194673785974,2023Q1,78.39524642857143,83.7639,83.7639,72.7908,56,0,2253.985322580645,2450.67,2465.93,2153.96,62,0,7.402954181955028,212.58,7.96,1573.7199999999998,129.555,129.08,131.26,128.37,62,1,72.97114285714285,77.0863,77.2422,67.5744,56,0.1018146298181266,8.10860000000001,0.1289791690696118,296.5500000000002,-0.1760848818795164,-40.93000000000001,0.1964918343871844,1.42,-0.2053153353261878,-358.6700000000001,-0.0101742823087915,-1.3199999999999932,0.0916204887109275,6.748799999999989,7.5,7.5,7.5,7.5,90.0,0.0,0.0,False,True,0.007507522471755124,12.6321770742598,0.016452877207883604,12.60385126043411,12.603851260434112
2023Q2,16438,12.647175546606615,12.670435394885823,-0.01380367845227639,-0.0047791516264368145,2023Q2,88.47596393442623,95.1052,95.1052,82.8877,61,0,2651.78064516129,2797.37,2819.3,2473.32,62,0,7.407765326753709,291.81,8.536666666666667,2161.66,129.2943548387097,128.41,129.83,128.41,62,1,81.24019180327869,87.0341,87.0341,75.8846,61,0.1269815202585418,11.34129999999999,0.1323182335031667,346.6999999999998,0.3167845174440229,79.23000000000002,0.0699416116870326,0.5766666666666671,0.3174342016089388,587.94,-0.0052040973405782,-0.6700000000000159,0.1213744224133348,9.9478,7.5,7.5,7.5,7.5,91.0,0.0,0.0,False,True,0.03297591807432276,12.662095261779742,-0.004415531300127912,12.599435729133983,12.599435729133985
2023Q3,24583,12.704216014563931,12.75175744630231,-0.01380367845227639,0.005400082530602951,2023Q3,102.54435454545457,103.1631,110.6847,96.0195,66,0,3060.9112307692308,3133.26,3268.97,2793.93,65,0,7.300536494073612,400.75,8.126666666666667,2925.69,124.57553846153846,119.34,128.35,119.34,65,1,94.20011666666666,97.4147,101.0399,88.3844,66,0.0813275836273241,8.057900000000004,0.1133943060170246,335.8900000000003,0.3172348859402039,108.94,-0.0492197761583086,-0.4100000000000001,0.3026539052448429,764.0300000000002,-0.0732517077492467,-9.069999999999991,0.1126771274015849,10.3806,10.179347826086955,13.0,13.0,7.5,92.0,0.5500463369192721,5.5,False,True,0.05704046795731621,12.653436234838887,0.007465142430793674,12.606900871564777,12.606900871564779
2023Q4,24599,12.765605853752312,12.82676100871742,-0.01057942101226917,-0.008872237660196208,2023Q4,99.7625109375,99.1919,107.0322,96.1475,64,0,3167.7316923076924,3099.11,3269.27,3008.84,65,0,7.135890905231879,376.92,8.256666666666668,2689.66,120.07646153846154,121.05,122.46,117.32,65,1,92.753353125,89.6883,101.3598,87.8701,64,-0.0392548732375592,-3.971199999999996,-0.0109590225819058,-34.15000000000009,-0.0613048281511074,-23.829999999999984,0.0158701194481429,0.1300000000000007,-0.0841155587269906,-236.0300000000002,0.0142271212901317,1.7099999999999935,-0.0826367975104593,-7.726399999999998,14.521739130434783,16.0,16.0,13.0,92.0,0.2076393647782444,3.0,False,True,0.061389839188381146,12.676357648866222,0.0017159908658673974,12.608616862430644,12.608616862430646
2024Q1,14347,12.790814878481696,12.84361197421329,0.03679753664325035,-0.027969662470193016,2024Q1,98.49847192982456,99.5299,100.6139,95.6007,57,0,3231.124918032787,3332.53,3332.6,3130.23,61,0,6.899142739103491,193.64,9.086666666666666,1335.95,119.17852459016396,115.38,121.49,115.07,61,1,90.80024561403508,92.366,92.7761,87.6457,57,0.0034017438040585,0.3379999999999938,0.0726168017840294,233.42000000000007,-0.6660321982670618,-183.28,0.0957871827671179,0.8299999999999983,-0.6997721423088867,-1353.7099999999998,-0.0479726545553242,-5.670000000000002,0.0294186197890189,2.677700000000001,16.0,16.0,16.0,16.0,91.0,0.0,0.0,False,True,0.025209024729383245,12.790696140022856,0.010670968197509071,12.619287830628153,12.619287830628155
2024Q2,20125,12.841057408927218,12.902885798195468,-0.01057942101226917,-0.008300561730355496,2024Q2,97.48340833333332,92.4184,101.2333,89.0914,60,0,3343.039523809524,3154.36,3501.89,3027.47,63,0,6.906286155032781,311.16,8.443333333333333,2148.96,111.11079365079364,106.8,115.23,104.97,63,1,90.48005666666668,85.748,94.3242,82.6282,60,-0.0741320085130832,-7.111499999999992,-0.0549461524798626,-178.17000000000007,0.4743064842670801,117.51999999999995,-0.0734309622548026,-0.6433333333333326,0.4753413549142129,813.01,-0.0772731023026489,-8.579999999999998,-0.0743461834049155,-6.617999999999995,16.0,16.0,16.0,16.0,91.0,0.0,0.0,False,True,0.05024253044552296,12.708381885781366,-0.06614402323456606,12.553143807393587,12.553143807393589
2024Q3,12940,12.81776390470035,12.916379244684638,0.042374871415856795,-0.01709188624937745,2024Q3,98.01509076923077,103.4694,103.4758,92.8291,65,1,2855.608181818182,2857.56,3217.29,2524.38,66,1,6.986943719095504,179.99,10.376666666666669,1257.58,104.38454545454546,101.59,107.3,101.59,66,0,89.23369384615384,92.7126,92.92,84.9471,65,0.1129498237956001,11.050999999999988,-0.0988175089591907,-296.8000000000002,-0.5474059555471857,-131.16999999999996,0.206182520439933,1.9333333333333336,-0.53579476492017,-891.3800000000001,-0.0500128214226407,-5.209999999999994,0.0780916235064141,6.96459999999999,17.554347826086957,19.0,19.0,16.0,92.0,0.1718502569266591,3.0,False,True,-0.023293504226868933,12.721886074749811,-0.005614451273175017,12.547529356120412,12.547529356120414
2024Q4,19136,12.822821300763108,12.89804663679286,0.019704440249448806,-0.0038329405750394674,2024Q4,106.59195909090909,106.1028,116.141,103.2997,66,1,2652.02696969697,2883.04,2883.04,2377.15,66,1,6.968279788531924,172.13,9.193333333333332,1199.45,99.87818181818182,106.58,106.75,96.37,66,0,99.61002575757576,101.6797,109.5782,93.2221,66,0.0251325186518585,2.633400000000009,0.008877179154652,25.480000000000015,-0.044651288507973,-7.860000000000014,-0.121081112088361,-1.1833333333333336,-0.047326120864664,-58.12999999999988,0.0479507717651825,4.989999999999995,0.092323290778812,8.967100000000002,20.41304347826087,21.0,21.0,19.0,92.0,0.1000834585569827,2.0,False,True,0.005057396062758457,12.648230432318645,-0.09457339445524304,12.45295596166517,12.452955961665172
2025Q1,15673,12.842702005459278,12.901966051758144,0.008559733666596903,-0.013166044233793903,2025Q1,97.35001228070176,89.6553,106.2493,87.5697,57,1,3073.912295081967,3013.36,3326.14,2773.12,61,1,7.113050834422825,130.03,8.26,924.91,107.02196721311476,108.83,112.79,102.34,61,0,92.41985614035087,83.6813,103.438,81.5018,57,-0.1684361183706384,-16.447500000000005,0.0442104422579729,130.32000000000016,-0.2804848122201857,-42.1,-0.1070539961641592,-0.9333333333333336,-0.2599219618944923,-274.5400000000001,0.020891154839334,2.25,-0.1948121408753262,-17.998400000000004,21.0,21.0,21.0,21.0,90.0,0.0,0.0,False,True,0.019880704696170426,12.581876320395482,-0.08967497457673766,12.363280987088432,12.363280987088434
2025Q2,13686,12.886382031643027,12.91410843858387,-0.01380367845227639,-0.00651535154018713,2025Q2,91.74857627118644,92.2785,96.2163,88.9481,59,1,2827.978064516129,2847.38,3034.3,2650.69,62,1,7.604826546003016,145.86,8.549999999999999,1109.24,109.60516129032258,115.06,115.06,105.76,62,0,80.93688983050848,78.4685,86.1891,78.1959,59,0.0288388611979675,2.623199999999997,-0.0566564620331746,-165.98000000000002,0.1148820644928578,15.830000000000013,0.0345066954157817,0.2899999999999991,0.1817339396366506,184.33000000000004,0.055666699727177,6.230000000000004,-0.0643182651976861,-5.212799999999987,20.75824175824176,20.0,21.0,20.0,91.0,-0.0487901641694321,-1.0,False,True,0.043680026183748666,12.618788946137668,-0.09329707326045046,12.269983913827982,12.269983913827984
2025Q3,16370,12.944964324843777,12.972702602849923,-0.01057942101226917,-0.004284549250930247,2025Q3,94.24115151515151,97.141,99.8246,90.5635,66,1,2825.211363636364,2684.6,3012.09,2642.02,66,1,7.632801822323461,175.60000000000002,8.91,1340.32,118.5289393939394,114.59,122.27,114.59,66,0,80.56005303030302,82.8676,85.6647,77.8855,66,0.0513523529880579,4.862500000000011,-0.0588675321497671,-162.7800000000002,0.1855614236449296,29.74000000000001,0.0412429585340494,0.3600000000000012,0.1892332952874102,231.07999999999996,-0.0040931909967909,-0.4699999999999988,0.0545468830471795,4.39909999999999,18.41304347826087,17.0,20.0,17.0,92.0,-0.1625189294977747,-3.0,False,True,0.05858229320075026,12.630613757905223,-0.049099147406351615,12.22088476642163,12.220884766421632
2025Q4,21961,13.02831594872402,13.073173133213556,-0.01331533077439978,0.008872555188081083,2025Q4,93.05941076923078,92.0938,96.8644,88.7028,65,1,2637.598923076923,2766.62,2774.23,2476.79,65,1,7.918462456192678,268.22,9.026666666666666,2123.8900000000003,116.50876923076925,118.08,119.06,113.22,65,0,79.8908276923077,78.2267,83.0,76.0937,65,-0.0533559084222066,-5.047200000000004,0.0300946174509073,82.01999999999998,0.4235988580817782,92.62,0.0130089178932464,0.1166666666666653,0.460340921538017,783.5700000000004,0.0300018204138057,3.489999999999995,-0.0576331319166714,-4.640900000000002,16.58695652173913,16.0,17.0,16.0,92.0,-0.060624621816435,-1.0,False,True,0.08335162388024209,12.557114718900495,-0.07214700513459024,12.14873776128704,12.148737761287041
2026Q1,2473,13.079414871325698,13.117784912210162,-0.01057942101226917,0.0025640993910366894,2026Q1,91.72953148148147,93.4369,97.2886,88.7898,54,1,2788.21,2776.37,2888.68,2696.92,60,1,7.856338759958435,115.48,10.155,907.25,117.854,119.16,119.89,115.56,60,0,78.33198703703704,81.2955,84.8379,75.7327,54,0.0144787192968767,1.3430999999999926,0.0035179605431494,9.75,-0.8427101844880607,-152.74000000000004,0.1177830356563838,1.1283333333333356,-0.8505865458503372,-1216.6400000000003,0.0091047669929196,1.0799999999999983,0.0384796429667497,3.06880000000001,15.705555555555556,15.0,16.0,15.0,90.0,-0.064538521137571,-1.0,False,True,0.051098922601678254,12.67015732426851,-0.005565250465673213,12.143172510821366,12.143172510821367
