quarter,n_deals,actual_log_price_median,baseline_market_log_price_q,geo_score_q,project_score_q,market_log_level_q,market_log_ret_q,market_price_sqm_q
2015Q1,1,12.510335248129175,12.510335248129175,0.29775296535891704,-0.5205567497720697,12.733139032542327,,338791.120433404
2015Q2,4,12.194887290492776,12.194887290492776,0.11387402414199721,-0.15537106048536964,12.225859884452511,-0.5072791480898164,203996.86079588984
2015Q3,2,12.804536508700037,12.804536508700037,0.4517059428628982,-0.0002765222268603651,12.353107088064,0.1272472036114891,231678.77207249773
2015Q4,1352,12.018603357279787,12.018603357279787,0.07631647067874922,-0.011705688782166431,11.97939986820506,-0.3737072198589395,159436.3191019732
2016Q1,3798,11.982435222281294,11.982435222281294,0.002632775233530747,-0.016446539183778114,11.934835368255627,-0.04456449994943412,152487.11326148454
2016Q2,5676,11.957425371514706,11.957425371514706,0.002632775233530747,-0.026701043559693452,11.931919421702675,-0.002915946552951354,152043.11663900974
2016Q3,7781,12.045880418923426,12.045880418923426,0.00611214292580118,-0.013361713063247523,11.968232233227114,0.036312811524439326,157665.6977167127
2016Q4,8858,12.007300740668068,12.007300740668068,-0.0006219752764394307,0.005180839487716481,11.963010144854957,-0.00522208837215743,156844.4995608348
2017Q1,7276,11.970223713704845,11.970223713704845,-0.07737328513039032,0.017830754153397674,11.961174406747514,-0.0018357381074434187,156556.8382522445
2017Q2,7880,11.9539538817762,11.9539538817762,-0.07737328513039032,0.007468242633583564,11.976700621273288,0.015526214525774407,159006.54140583222
2017Q3,9990,11.95578589833059,11.95578589833059,-0.09694284593046218,0.019430400333942298,11.971168236050007,-0.005532385223281366,158129.28486385415
2017Q4,12374,11.951825349164631,11.951825349164631,-0.09655593572464358,0.015359308012221413,11.974317180463126,0.0031489444131196365,158628.0100087492
2018Q1,10136,11.952469886731256,11.952469886731256,-0.07737328513039032,0.015959796413663095,11.980582684686487,0.006265504223360807,159625.01458200728
2018Q2,12058,12.000265386037013,12.000265386037013,-0.03882931125744724,0.0105981754474306,12.001876843275806,0.021294158589318712,163060.54348949064
2018Q3,13888,12.019803304673854,12.019803304673854,-0.06355711898908664,0.022134311959167707,12.01141435941997,0.00953751614416376,164623.17602673802
2018Q4,19587,12.038186396532474,12.038186396532474,-0.04903864912901044,0.011981474935087527,12.045836733178213,0.0344223737582432,170388.55628635196
2019Q1,12601,12.078282909431886,12.078282909431886,-0.03525630440959324,-0.0014407138624875533,12.086834632443075,0.040997899264862525,177519.30320636072
2019Q2,14017,12.136186518066006,12.136186518066006,-0.03213776841282089,0.0020424333639317074,12.11621587633703,0.02938124389395469,182812.41954948634
2019Q3,12627,12.149581603066048,12.149581603066048,-0.03525630440959324,0.007120738360442518,12.138541649960231,0.022325773623201428,186939.74972931796
2019Q4,14515,12.176981316505996,12.176981316505996,-0.028183587370991796,0.0061960543663118275,12.159723970075891,0.021182320115659792,190941.80410967025
2020Q1,13105,12.211307270941333,12.211307270941333,-0.03213776841282089,0.00031699221702515684,12.203582886395951,0.043858916320060004,199502.66754907122
2020Q2,8292,12.26434155365415,12.26434155365415,-0.03447182891020133,-0.006077675160166364,12.239078320026133,0.035495433630181594,206711.2808272608
2020Q3,19085,12.311783099952288,12.311783099952288,-0.017666320406225365,-0.011162407698680862,12.274718475829715,0.035640155803582374,214211.361219518
2020Q4,21522,12.354492650648448,12.354492650648448,-0.017666320406225365,-0.020310356873246744,12.33662059694846,0.06190212111874516,227890.51539014463
2021Q1,14737,12.407224993161112,12.407224993161112,-0.01652648626113261,-0.022270156385245106,12.403794278711182,0.06717368176272132,243724.62447215064
2021Q2,17388,12.49562821038263,12.49562821038263,-0.020831946814444897,-0.014031145513284604,12.480721635129703,0.07692735641852089,263213.72800049384
2021Q3,14017,12.547851278295521,12.547851278295521,-0.013803678452275002,-0.025446142041675217,12.538230795466527,0.057509160336824294,278794.65757351526
2021Q4,19483,12.57673576220567,12.57673576220567,-0.010579421012268629,-0.0241567852639805,12.56755099912121,0.029320203654682686,287089.98986227345
2022Q1,17697,12.607737173909365,12.607737173909365,-0.010579421012268629,-0.023475914947746215,12.615417658293417,0.04786665917220745,301166.2323687167
2022Q2,11090,12.580987475933824,12.580987475933824,-0.013803678452275002,-0.04556036763294355,12.633358537533574,0.017940879240157415,306618.17950101284
2022Q3,14728,12.573046305173579,12.573046305173579,-0.010579421012268629,-0.04370553048813083,12.60864663944324,-0.024711898090334472,299133.91831526184
2022Q4,15609,12.548328091398776,12.700360920644137,-0.03213776841282089,-0.0421236045294293,12.60669210633447,-0.001954533108769141,298549.8221715316
2023Q1,13899,12.587890344632346,12.731268655210373,-0.03213776841282089,-0.02498519462453043,12.614199628669276,0.007507522334805117,300799.62628975755
2023Q2,16438,12.670435394885823,12.757540229591674,-0.013803678452275002,-0.004779151592488026,12.647175546272141,0.03297591760286522,310884.1290301527
2023Q3,24583,12.75175744630231,12.779871067815781,-0.013803678452275002,0.005400082293135072,12.704216014765253,0.05704046849311162,329132.6087887206
2023Q4,24599,12.82676100871742,12.79885228030627,-0.010579421012268629,-0.008872237479622978,12.765605853690616,0.061389838925363094,349971.0982721223
2024Q1,14347,12.84361197421329,12.814986310923187,0.036797536643249244,-0.02796966258129055,12.790814878445046,0.025209024754429876,358905.6711347302
2024Q2,20125,12.902885798195468,12.828700236947567,-0.010579421012268629,-0.008300561582642613,12.841057408441506,0.05024252999645995,377398.67779082054
2024Q3,12940,12.916379244684638,12.840357074068288,0.04237487141585687,-0.01709188647233089,12.817763904119023,-0.023293504322483116,368709.3355641325
2024Q4,19136,12.89804663679286,12.850265385620903,0.01970444024944864,-0.0038329402402634133,12.822821300831272,0.005057396712249584,370578.7681922249
2025Q1,15673,12.901966051758144,12.858687450440625,0.00855973366659693,-0.013166044299452603,12.842702005660813,0.019880704829541074,378019.85726189235
2025Q2,13686,12.91410843858387,12.865846205537387,-0.013803678452275002,-0.0065153514911122715,12.886382031536467,0.04368002587565378,394897.703371634
2025Q3,16370,12.972702602849923,12.871931147369637,-0.010579421012268629,-0.004284548793101889,12.944964324452107,0.058582292915639655,418722.7663615937
2025Q4,21961,13.073173133213556,12.877103347927049,-0.013315330774399066,0.00887255579525284,13.028315948190574,0.0833516237384675,455119.7946344488
2026Q1,2473,13.117784912210162,12.88149971840085,-0.010579421012268629,0.0025640991713888617,13.079414870724573,0.05109892253399906,478980.35868750385
