position,model,feature,coefficient
0,baseline,__intercept__,10.257166322389114
0,baseline,mortgage_avg_ticket_mln_rub_q,0.44248766534035955
0,baseline,subsidized_mortgage_2020_active_q,-0.06264066771256083
0,baseline,rgbi_eoq,0.1673136047716196
0,baseline,usd_rub_min_q,0.7361683116880985
0,baseline,key_rate_max_q,0.07865233491162194
0,baseline,mortgage_total_volume_mln_rub_q,-0.11857655429487401
0,baseline,mortgage_total_volume_mln_rub_q_log_return_q,-0.008448731115905161
0,baseline,imoex_max_q,0.17602604078619905
0,baseline_plus_trend,__intercept__,-2.219061542399901
0,baseline_plus_trend,mortgage_avg_ticket_mln_rub_q,0.030361481952517977
0,baseline_plus_trend,subsidized_mortgage_2020_active_q,-0.008389766490733308
0,baseline_plus_trend,rgbi_eoq,0.3206473307195936
0,baseline_plus_trend,usd_rub_min_q,-0.054581828587648484
0,baseline_plus_trend,key_rate_max_q,0.04160432183105556
0,baseline_plus_trend,mortgage_total_volume_mln_rub_q,0.5415719725747266
0,baseline_plus_trend,mortgage_total_volume_mln_rub_q_log_return_q,-0.004957270639522449
0,baseline_plus_trend,imoex_max_q,1.1608084080572387
0,baseline_plus_trend,trend_3,0.9835871337735114
0,baseline_plus_trend,trend_6,-0.938201997533298
0,baseline_plus_trend,trend_10,0.9946239907499894
1,baseline,__intercept__,12.785864863360505
1,baseline,mortgage_avg_ticket_mln_rub_q,0.25254422536328036
1,baseline,subsidized_mortgage_2020_active_q,-0.005804318162710764
1,baseline,rgbi_eoq,-0.6022414344311117
1,baseline,usd_rub_min_q,0.35733400331184906
1,baseline,key_rate_max_q,0.04083258623663166
1,baseline,mortgage_total_volume_mln_rub_q,-0.4909831196478879
1,baseline,mortgage_total_volume_mln_rub_q_log_return_q,-0.016614352618528727
1,baseline,imoex_max_q,-0.2343466229570372
1,baseline_plus_trend,__intercept__,7.416800068569268
1,baseline_plus_trend,mortgage_avg_ticket_mln_rub_q,0.1650643217249087
1,baseline_plus_trend,subsidized_mortgage_2020_active_q,0.0006719024537589352
1,baseline_plus_trend,rgbi_eoq,-0.052647894628388
1,baseline_plus_trend,usd_rub_min_q,0.059958751366917376
1,baseline_plus_trend,key_rate_max_q,0.09329435958126632
1,baseline_plus_trend,mortgage_total_volume_mln_rub_q,0.013073681937979535
1,baseline_plus_trend,mortgage_total_volume_mln_rub_q_log_return_q,-0.01826032542006395
1,baseline_plus_trend,imoex_max_q,0.004100850125413359
1,baseline_plus_trend,trend_3,0.11718305344819716
1,baseline_plus_trend,trend_6,0.12035416762238922
1,baseline_plus_trend,trend_10,0.12566271744855903
2,baseline,__intercept__,11.587059914653132
2,baseline,mortgage_avg_ticket_mln_rub_q,0.2863911550470821
2,baseline,subsidized_mortgage_2020_active_q,-0.04027250462969916
2,baseline,rgbi_eoq,-0.08554500761271756
2,baseline,usd_rub_min_q,0.04799093725435318
2,baseline,key_rate_max_q,0.12543447174528038
2,baseline,mortgage_total_volume_mln_rub_q,0.012980894404444696
2,baseline,mortgage_total_volume_mln_rub_q_log_return_q,-0.02395677658286638
2,baseline,imoex_max_q,0.007323128897713345
2,baseline_plus_trend,__intercept__,6.55859979745528
2,baseline_plus_trend,mortgage_avg_ticket_mln_rub_q,0.22734876483670288
2,baseline_plus_trend,subsidized_mortgage_2020_active_q,0.006776398216741437
2,baseline_plus_trend,rgbi_eoq,-0.04647212061924009
2,baseline_plus_trend,usd_rub_min_q,0.06781773980145187
2,baseline_plus_trend,key_rate_max_q,0.0632203628316936
2,baseline_plus_trend,mortgage_total_volume_mln_rub_q,0.0263681300361791
2,baseline_plus_trend,mortgage_total_volume_mln_rub_q_log_return_q,-0.024898354700684466
2,baseline_plus_trend,imoex_max_q,0.018473685846767115
2,baseline_plus_trend,trend_3,0.18974674423518434
2,baseline_plus_trend,trend_6,0.10898262444150485
2,baseline_plus_trend,trend_10,0.11538145901789736
3,baseline,__intercept__,12.626666367734783
3,baseline,mortgage_avg_ticket_mln_rub_q,0.33971320858312803
3,baseline,subsidized_mortgage_2020_active_q,-0.027057170954947085
3,baseline,rgbi_eoq,-0.9342399439262163
3,baseline,usd_rub_min_q,0.06378016926341738
3,baseline,key_rate_max_q,-0.0015379443509258017
3,baseline,mortgage_total_volume_mln_rub_q,-0.21822126877269113
3,baseline,mortgage_total_volume_mln_rub_q_log_return_q,-0.03086676269239419
3,baseline,imoex_max_q,0.18794821268419218
3,baseline_plus_trend,__intercept__,5.9153252432233625
3,baseline_plus_trend,mortgage_avg_ticket_mln_rub_q,0.22730863274050436
3,baseline_plus_trend,subsidized_mortgage_2020_active_q,0.011437346935099282
3,baseline_plus_trend,rgbi_eoq,-0.07028632844281579
3,baseline_plus_trend,usd_rub_min_q,0.05793806618282432
3,baseline_plus_trend,key_rate_max_q,0.06929836217136537
3,baseline_plus_trend,mortgage_total_volume_mln_rub_q,0.021625253626478234
3,baseline_plus_trend,mortgage_total_volume_mln_rub_q_log_return_q,-0.028762038087881178
3,baseline_plus_trend,imoex_max_q,0.015630089898463508
3,baseline_plus_trend,trend_3,0.2035256866175741
3,baseline_plus_trend,trend_6,0.1338208333252694
3,baseline_plus_trend,trend_10,0.12973907040882882
4,baseline,__intercept__,13.576699752214752
4,baseline,mortgage_avg_ticket_mln_rub_q,0.3411442703501839
4,baseline,subsidized_mortgage_2020_active_q,-0.03899656880897795
4,baseline,rgbi_eoq,-1.2989615069051617
4,baseline,usd_rub_min_q,-0.12099384433682225
4,baseline,key_rate_max_q,0.03453455663380467
4,baseline,mortgage_total_volume_mln_rub_q,-0.24648717406546836
4,baseline,mortgage_total_volume_mln_rub_q_log_return_q,-0.026569243306759915
4,baseline,imoex_max_q,-0.3451940972996405
4,baseline_plus_trend,__intercept__,6.4942572297077135
4,baseline_plus_trend,mortgage_avg_ticket_mln_rub_q,0.2244727286102059
4,baseline_plus_trend,subsidized_mortgage_2020_active_q,0.0009083644519160636
4,baseline_plus_trend,rgbi_eoq,-0.0745822220527347
4,baseline_plus_trend,usd_rub_min_q,0.03466949629037176
4,baseline_plus_trend,key_rate_max_q,0.11317874069718291
4,baseline_plus_trend,mortgage_total_volume_mln_rub_q,0.010320846986728808
4,baseline_plus_trend,mortgage_total_volume_mln_rub_q_log_return_q,-0.027196410279987634
4,baseline_plus_trend,imoex_max_q,0.0029598121971869703
4,baseline_plus_trend,trend_3,0.16507777421403363
4,baseline_plus_trend,trend_6,0.13005082969310727
4,baseline_plus_trend,trend_10,0.12413561839815665
5,baseline,__intercept__,12.453633109763862
5,baseline,mortgage_avg_ticket_mln_rub_q,0.32568661936376664
5,baseline,subsidized_mortgage_2020_active_q,0.09730588703540999
5,baseline,rgbi_eoq,-0.6508369223341157
5,baseline,usd_rub_min_q,-0.46741577379457644
5,baseline,key_rate_max_q,0.2801750870582893
5,baseline,mortgage_total_volume_mln_rub_q,-0.13895612624289683
5,baseline,mortgage_total_volume_mln_rub_q_log_return_q,-0.02609754282354526
5,baseline,imoex_max_q,-0.11485681629965966
5,baseline_plus_trend,__intercept__,7.268897508999135
5,baseline_plus_trend,mortgage_avg_ticket_mln_rub_q,0.2288507807409796
5,baseline_plus_trend,subsidized_mortgage_2020_active_q,0.0408940944289924
5,baseline_plus_trend,rgbi_eoq,-0.06009779402027642
5,baseline_plus_trend,usd_rub_min_q,0.004309401520557697
5,baseline_plus_trend,key_rate_max_q,0.16550922159977316
5,baseline_plus_trend,mortgage_total_volume_mln_rub_q,0.0074880013726262564
5,baseline_plus_trend,mortgage_total_volume_mln_rub_q_log_return_q,-0.032742067693613125
5,baseline_plus_trend,imoex_max_q,0.0022553255379706557
5,baseline_plus_trend,trend_3,0.15030606240657493
5,baseline_plus_trend,trend_6,0.108123294734745
5,baseline_plus_trend,trend_10,0.09244684350789642
6,baseline,__intercept__,12.564619224018173
6,baseline,mortgage_avg_ticket_mln_rub_q,0.3967303779394198
6,baseline,subsidized_mortgage_2020_active_q,0.10237344311461057
6,baseline,rgbi_eoq,-0.632671754692479
6,baseline,usd_rub_min_q,-0.8303174708234858
6,baseline,key_rate_max_q,0.2214367005654086
6,baseline,mortgage_total_volume_mln_rub_q,-0.15276289220892095
6,baseline,mortgage_total_volume_mln_rub_q_log_return_q,-0.030104258561749475
6,baseline,imoex_max_q,-0.0851106075181061
6,baseline_plus_trend,__intercept__,7.706014437334922
6,baseline_plus_trend,mortgage_avg_ticket_mln_rub_q,0.2310628903707636
6,baseline_plus_trend,subsidized_mortgage_2020_active_q,0.03371537299741985
6,baseline_plus_trend,rgbi_eoq,-0.044752288796086115
6,baseline_plus_trend,usd_rub_min_q,0.009589930576746408
6,baseline_plus_trend,key_rate_max_q,0.14518301166461434
6,baseline_plus_trend,mortgage_total_volume_mln_rub_q,0.008214873263493374
6,baseline_plus_trend,mortgage_total_volume_mln_rub_q_log_return_q,-0.03628283476492
6,baseline_plus_trend,imoex_max_q,0.0032378624826378713
6,baseline_plus_trend,trend_3,0.13257773663774758
6,baseline_plus_trend,trend_6,0.10063445317720442
6,baseline_plus_trend,trend_10,0.08251659398873298
7,baseline,__intercept__,12.571984361109028
7,baseline,mortgage_avg_ticket_mln_rub_q,0.3998942355401012
7,baseline,subsidized_mortgage_2020_active_q,0.30548341793151484
7,baseline,rgbi_eoq,-0.6401377713415782
7,baseline,usd_rub_min_q,-0.7749146774125338
7,baseline,key_rate_max_q,0.2045997441010673
7,baseline,mortgage_total_volume_mln_rub_q,-0.16147060779967826
7,baseline,mortgage_total_volume_mln_rub_q_log_return_q,-0.029646647753751587
7,baseline,imoex_max_q,-0.10507543938283213
7,baseline_plus_trend,__intercept__,7.612372588221767
7,baseline_plus_trend,mortgage_avg_ticket_mln_rub_q,0.24899920848735252
7,baseline_plus_trend,subsidized_mortgage_2020_active_q,0.08076797234054123
7,baseline_plus_trend,rgbi_eoq,-0.039172529735901705
7,baseline_plus_trend,usd_rub_min_q,0.000874975918526479
7,baseline_plus_trend,key_rate_max_q,0.13377197195695253
7,baseline_plus_trend,mortgage_total_volume_mln_rub_q,0.007950320938378616
7,baseline_plus_trend,mortgage_total_volume_mln_rub_q_log_return_q,-0.03692088076588831
7,baseline_plus_trend,imoex_max_q,0.0024646423328777687
7,baseline_plus_trend,trend_3,0.14844282302057757
7,baseline_plus_trend,trend_6,0.10043682259565093
7,baseline_plus_trend,trend_10,0.07204136529106421
8,baseline,__intercept__,11.497432392376984
8,baseline,mortgage_avg_ticket_mln_rub_q,0.32929024027416637
8,baseline,subsidized_mortgage_2020_active_q,0.20529408296542467
8,baseline,rgbi_eoq,-0.24930574947188114
8,baseline,usd_rub_min_q,-0.10095262790714551
8,baseline,key_rate_max_q,0.35535537199152895
8,baseline,mortgage_total_volume_mln_rub_q,-0.03452527776822718
8,baseline,mortgage_total_volume_mln_rub_q_log_return_q,-0.030739361840411122
8,baseline,imoex_max_q,-0.013257400242988738
8,baseline_plus_trend,__intercept__,7.74442727229947
8,baseline_plus_trend,mortgage_avg_ticket_mln_rub_q,0.258724925217721
8,baseline_plus_trend,subsidized_mortgage_2020_active_q,0.0841839621844433
8,baseline_plus_trend,rgbi_eoq,-0.05032057475885327
8,baseline_plus_trend,usd_rub_min_q,0.01076835137946785
8,baseline_plus_trend,key_rate_max_q,0.1570522776629988
8,baseline_plus_trend,mortgage_total_volume_mln_rub_q,0.010277968446943318
8,baseline_plus_trend,mortgage_total_volume_mln_rub_q_log_return_q,-0.0387019887460932
8,baseline_plus_trend,imoex_max_q,0.004029180790858398
8,baseline_plus_trend,trend_3,0.1467512379296393
8,baseline_plus_trend,trend_6,0.09529105126141227
8,baseline_plus_trend,trend_10,0.06528900157871709
9,baseline,__intercept__,11.838084291502408
9,baseline,mortgage_avg_ticket_mln_rub_q,0.146351159370127
9,baseline,subsidized_mortgage_2020_active_q,0.3026267445582924
9,baseline,rgbi_eoq,-1.2351870330812629
9,baseline,usd_rub_min_q,-0.707200260987241
9,baseline,key_rate_max_q,-0.15585235813482268
9,baseline,mortgage_total_volume_mln_rub_q,-1.086736584112487
9,baseline,mortgage_total_volume_mln_rub_q_log_return_q,-0.029945346165135334
9,baseline,imoex_max_q,3.7361370672402647
9,baseline_plus_trend,__intercept__,16.427456399172932
9,baseline_plus_trend,mortgage_avg_ticket_mln_rub_q,0.16908979829476323
9,baseline_plus_trend,subsidized_mortgage_2020_active_q,0.30029209539983803
9,baseline_plus_trend,rgbi_eoq,-1.061260121524922
9,baseline_plus_trend,usd_rub_min_q,-0.18862599594469742
9,baseline_plus_trend,key_rate_max_q,-0.100219909590133
9,baseline_plus_trend,mortgage_total_volume_mln_rub_q,-2.71230113787339
9,baseline_plus_trend,mortgage_total_volume_mln_rub_q_log_return_q,-0.005684226158479078
9,baseline_plus_trend,imoex_max_q,2.8456168888109663
9,baseline_plus_trend,trend_3,0.934062214040587
9,baseline_plus_trend,trend_6,-0.15307875187729536
9,baseline_plus_trend,trend_10,-1.06677593559197
