quarter,key_rate_avg_q,key_rate_eoq,key_rate_min_q,key_rate_max_q,key_rate_obs_n,key_rate_log_return_q,key_rate_qoq_change,usd_rub_avg_q,usd_rub_eoq,usd_rub_min_q,usd_rub_max_q,usd_rub_obs_n,usd_rub_log_return_q,usd_rub_qoq_change,eur_rub_avg_q,eur_rub_eoq,eur_rub_min_q,eur_rub_max_q,eur_rub_obs_n,eur_rub_log_return_q,eur_rub_qoq_change,mortgage_total_count_q,mortgage_total_count_q_qoq_change,mortgage_total_count_q_log_return_q,mortgage_total_volume_mln_rub_q,mortgage_total_volume_mln_rub_q_qoq_change,mortgage_total_volume_mln_rub_q_log_return_q,mortgage_total_rate_pct_q,mortgage_total_rate_pct_q_qoq_change,mortgage_total_rate_pct_q_log_return_q,mortgage_ddu_count_q,mortgage_ddu_count_q_qoq_change,mortgage_ddu_count_q_log_return_q,mortgage_ddu_volume_mln_rub_q,mortgage_ddu_volume_mln_rub_q_qoq_change,mortgage_ddu_volume_mln_rub_q_log_return_q,mortgage_ddu_rate_pct_q,mortgage_ddu_rate_pct_q_qoq_change,mortgage_ddu_rate_pct_q_log_return_q,mortgage_ddu_count_share_q,mortgage_ddu_volume_share_q,mortgage_avg_ticket_mln_rub_q,mortgage_ddu_avg_ticket_mln_rub_q,mredc_avg_q,mredc_eoq,mredc_min_q,mredc_max_q,mredc_obs_n,mredc_log_return_q,mredc_qoq_change,imoex_avg_q,imoex_eoq,imoex_min_q,imoex_max_q,imoex_obs_n,imoex_log_return_q,imoex_qoq_change,rgbi_avg_q,rgbi_eoq,rgbi_min_q,rgbi_max_q,rgbi_obs_n,rgbi_log_return_q,rgbi_qoq_change,subsidized_mortgage_2020_active_q,family_mortgage_new_rules_active_q,it_mortgage_new_rules_active_q
2013Q1,,,,,,,,30.41582105263158,31.0834,29.9251,31.0834,57,,,40.18508947368421,39.8023,39.6385,40.8674,57,,,75.56,,,265.2,,,12.783333333333333,,,,,,,,,,,,,,3.5097935415563786,,,,,,,,,1502.718448275862,1438.57,1417.0,1562.93,58,,,138.62827586206896,137.67,137.02,139.82,58,,,0,0,0
2013Q2,,,,,,,,31.660954237288134,32.709,30.8814,32.9097,59,0.050976354766721244,1.6256000000000022,41.3224406779661,42.718,39.8168,43.3526,59,0.07069567751121397,2.915700000000001,93.88999999999999,18.329999999999984,0.21719684163714703,344.27000000000004,79.07000000000005,0.2609419749224724,12.563333333333333,-0.22000000000000064,-0.01735972053422108,,,,,,,,,,,,3.6667376717435305,,,,,,,,,1368.4501612903227,1330.46,1281.89,1448.42,62,-0.07812481752808331,-108.1099999999999,137.7698387096774,133.47,129.9,141.65,62,-0.030982783588791918,-4.199999999999989,0,0,0
2013Q3,5.5,5.5,5.5,5.5,14.0,,,32.79849230769231,32.3451,31.5892,33.4656,65,-0.01118772823323022,-0.363900000000001,43.428386153846155,43.6497,42.1033,44.3879,65,0.021576032333146422,0.9316999999999993,111.59000000000003,17.700000000000045,0.17270755592715403,381.42999999999995,37.15999999999991,0.10250111441614074,12.44,-0.12333333333333307,-0.00986543129990114,,,,,,,,,,,,3.4181378259700677,,,,,,,,,1403.6657575757577,1462.82,1333.35,1487.19,66,0.09484133251077953,132.3599999999999,134.6778787878788,134.86,132.5,136.41,66,0.010360469820375862,1.3900000000000148,0,0,0
2013Q4,5.5,5.5,5.5,5.5,92.0,0.0,0.0,32.54386153846154,32.7292,31.6618,33.2632,65,0.011805104647667264,0.38409999999999656,44.292309230769234,44.9699,43.5123,45.3688,65,0.029796967665692176,1.3201999999999998,129.46999999999997,17.87999999999994,0.14861775387294518,466.2900000000001,84.86000000000013,0.20088041051259609,12.296666666666667,-0.14333333333333265,-0.011588864370558838,,,,,,,,,,,,3.601529311809687,,,,,,,,,1492.3521875,1504.08,1429.25,1533.61,64,0.027815335993691903,41.25999999999999,134.15578125,133.27,132.02,135.96,64,-0.011860057714800476,-1.5900000000000034,0,0,0
2014Q1,5.983333333333333,7.0,5.5,7.0,90.0,0.24116205681688796,1.5,35.143615789473685,35.6871,32.6587,36.6505,57,0.0865216331403178,2.957900000000002,48.17113157894737,49.0519,45.0559,50.9442,57,0.08688554416939187,4.082000000000001,112.07,-17.399999999999977,-0.1443255180066192,396.88,-69.41000000000008,-0.1611737901701229,12.13,-0.16666666666666607,-0.013646499984515614,,,,,,,,,,,,3.5413580797715714,,,,,,,,,1422.4025423728813,1369.29,1237.43,1507.49,59,-0.09388905827454241,-134.78999999999996,129.56949152542373,126.83,123.4,133.28,59,-0.04952953851229758,-6.440000000000012,0,0,0
2014Q2,7.351648351648351,7.5,7.0,7.5,91.0,0.06899287148695143,0.5,35.024245,33.6306,33.6306,36.0813,60,-0.05935291214088112,-2.0564999999999998,48.05963833333333,45.8251,45.8251,49.886,60,-0.06804694530650757,-3.2268000000000043,127.99000000000001,15.920000000000016,0.1328284598037648,466.04999999999995,69.16999999999996,0.16065895651437234,12.243333333333334,0.11333333333333329,0.009299848207507289,,,,,,,,,,,,3.6413001015704345,,,,,,,,,1402.642131147541,1476.38,1280.12,1518.83,61,0.07530078828972897,107.09000000000015,126.7516393442623,128.5,123.63,128.78,61,0.013081297255936875,1.6700000000000017,0,0,0
2014Q3,7.853260869565218,8.0,7.5,8.0,92.0,0.06453852113757108,0.5,36.16238181818182,39.3866,33.8353,39.3866,66,0.157989290127178,5.756,47.98077727272727,49.954,46.1649,50.0582,66,0.0862706060300682,4.128900000000002,99.05000000000001,-28.939999999999998,-0.25632736272314105,385.08000000000004,-80.96999999999991,-0.19084181959740043,12.443333333333333,0.1999999999999993,0.016203433094916786,,,,,,,,,,,,3.8877334679454822,,,,,,,,,1432.2901515151514,1411.07,1333.53,1516.75,66,-0.04524486377192005,-65.31000000000017,124.49378787878788,124.42,121.67,128.48,66,-0.032265965248400974,-4.079999999999998,0,0,0
2014Q4,10.277173913043478,17.0,8.0,17.0,92.0,0.7537718023763804,9.0,47.55393125,56.2584,39.3836,67.7851,64,0.3565297063353441,16.8718,59.36186875,68.3427,49.9484,84.589,64,0.3134321722789575,18.388699999999993,122.64999999999998,23.599999999999966,0.21370999755993836,488.5,103.41999999999996,0.23788836657307222,12.853333333333333,0.41000000000000014,0.03241817681585202,,,,,,,,,,,,3.9828781084386473,,,,,,,,,1456.60796875,1396.61,1360.33,1606.84,64,-0.010300410195183574,-14.460000000000036,116.983125,105.36,97.86,124.26,64,-0.16627988165184782,-19.060000000000002,0,0,0
2015Q1,15.533333333333333,14.0,14.0,17.0,90.0,-0.19415601444095776,-3.0,63.191936363636366,58.4643,56.2376,69.664,55,0.03846094827657076,2.2058999999999997,71.02302,63.3695,62.0811,78.79,55,-0.0755520811119128,-4.973199999999991,53.72,-68.92999999999998,-0.8255493990494616,184.24,-304.26,-0.9751002159704081,14.753333333333332,1.8999999999999986,0.13786586488055885,,,,,,,,,,,,3.4296351451973197,,,,,,,,,1664.3003389830508,1626.18,1435.66,1838.18,59,0.15218583445523848,229.57000000000016,107.50627118644067,112.87,99.17,113.82,59,0.06885365653250908,7.510000000000005,0,0,0
2015Q2,12.895604395604396,11.5,11.5,14.0,91.0,-0.19671029424605413,-2.5,52.7653,55.524,49.1777,58.3536,61,-0.05160095183245783,-2.9403000000000006,58.25827704918033,61.5206,52.9087,63.3221,61,-0.02961059505974184,-1.8489000000000004,60.42,6.700000000000003,0.11753480430348962,237.07999999999998,52.839999999999975,0.2521583814072077,13.479999999999999,-1.2733333333333334,-0.09026194047063285,,,,,,,,,,,,3.9238662694472026,,,,,,,,,1666.935737704918,1654.55,1609.19,1721.8,61,0.01729536242763796,28.36999999999989,118.44688524590164,118.48,113.74,120.65,61,0.04850745599200845,5.609999999999999,0,0,0
2015Q3,11.179347826086957,11.0,11.0,11.5,92.0,-0.04445176257083361,-0.5,63.0036196969697,66.2367,55.4756,70.7465,66,0.1764193302825614,10.712699999999998,70.14005909090909,74.5825,61.5661,81.1533,66,0.19253381716437,13.061899999999994,75.11,14.689999999999998,0.21763352973939387,283.62000000000006,46.54000000000008,0.1792376771135631,13.056666666666667,-0.423333333333332,-0.03190824647453061,,,,,,,,,,,,3.776061776061777,,,,,,,,,1667.159393939394,1642.97,1584.92,1733.17,66,-0.007023488926725996,-11.579999999999927,118.49848484848485,119.0,114.72,121.82,66,0.004379323151986192,0.519999999999996,0,0,0
2015Q4,11.0,11.0,11.0,11.0,92.0,0.0,0.0,66.05264153846154,72.8827,61.1535,72.8827,65,0.09561660947092587,6.646000000000001,72.37913846153846,79.6972,68.7903,79.6972,65,0.06632855819491823,5.114699999999999,126.0,50.89,0.5173282012535578,438.39999999999986,154.7799999999998,0.43549642160060476,12.87,-0.18666666666666742,-0.014399837401595228,,,,,,,,,,,,3.479365079365078,,,,,,,,,1740.65828125,1761.36,1612.56,1868.07,64,0.06958065831615379,118.38999999999987,124.5934375,126.25,119.23,127.03,64,0.05914057504393977,7.25,0,0,0
2016Q1,11.0,11.0,11.0,11.0,91.0,0.0,0.0,74.91030178571428,67.6076,67.6076,83.5913,56,-0.07513089670126227,-5.275099999999995,82.6891125,76.5386,75.6902,91.1814,56,-0.04043926469434922,-3.1585999999999927,114.43,-11.569999999999993,-0.09631862462185481,406.2,-32.199999999999875,-0.07628608648752078,12.353333333333333,-0.5166666666666657,-0.040973089418931075,67.21,,,200.7,,,11.36,,,0.5873459757056715,0.49409158050221563,3.549768417373066,2.986162773396816,,,,,,,,1787.5160655737704,1871.15,1608.36,1914.02,61,0.06046697718718086,109.79000000000019,125.99180327868852,129.61,121.15,129.97,61,0.026265873279814222,3.3600000000000136,0,0,0
2016Q2,10.906593406593407,10.5,10.5,11.0,91.0,-0.04652001563489305,-0.5,65.92980983606557,64.2575,63.7162,68.8901,61,-0.05082195428484315,-3.350100000000012,74.4400131147541,71.2102,71.2102,78.2798,61,-0.07215912215625853,-5.328400000000002,118.00999999999999,3.579999999999984,0.030806084308034443,434.01000000000005,27.81000000000006,0.06622192616332434,12.796666666666667,0.44333333333333336,0.03525878815549266,59.010000000000005,-8.199999999999989,-0.13011512491279742,189.11,-11.589999999999975,-0.059482399463110625,12.020000000000001,0.6600000000000019,0.05647351581405635,0.5000423692907382,0.43572728738969146,3.677739174646217,3.2047110659210305,,,,,,,,1905.314262295082,1891.09,1841.73,1969.89,61,0.01060016729948643,19.939999999999827,130.46262295081968,132.78,128.85,132.78,61,0.024163681855729813,3.1699999999999875,0,0,0
2016Q3,10.434782608695652,10.0,10.0,10.5,92.0,-0.048790164169431716,-0.5,64.61056666666667,63.1581,62.9891,67.0512,66,-0.01725734187587502,-1.0993999999999957,72.11813636363635,70.8823,69.6967,74.9007,66,-0.004615311604093897,-0.32789999999999964,116.22000000000003,-1.7899999999999636,-0.015284419990697629,432.1700000000001,-1.839999999999975,-0.00424854595508517,12.5,-0.29666666666666686,-0.023456076036341145,61.900000000000006,2.8900000000000006,0.04781325862147323,204.82999999999998,15.71999999999997,0.07985151047338235,11.776666666666666,-0.24333333333333584,-0.02045175640411756,0.532610566167613,0.47395700765902293,3.7185510239201514,3.309046849757673,,,,,,,,1964.3469696969696,1978.0,1879.42,2053.75,66,0.044932850791072454,86.91000000000008,133.43363636363637,134.56,131.9,135.58,66,0.013316572933624649,1.7800000000000011,0,0,0
2016Q4,10.0,10.0,10.0,10.0,92.0,0.0,0.0,62.9801276923077,60.6569,60.273,65.8591,65,-0.040407710166795674,-2.501199999999997,67.98296153846154,63.8111,63.0214,71.3491,65,-0.1050935985712993,-7.0711999999999975,142.83999999999997,26.619999999999948,0.20624017607928735,553.3499999999999,121.17999999999984,0.24717168335627093,11.993333333333332,-0.5066666666666677,-0.04137770445397848,78.51999999999998,16.619999999999976,0.23783318971771017,273.15999999999997,68.32999999999998,0.2878773372803245,11.43,-0.3466666666666658,-0.029878694896224633,0.5497059647157658,0.4936477816933225,3.8739148697843744,3.478858889454916,159646.69,159646.69,159646.69,159646.69,1.0,,,2072.015625,2232.72,1952.69,2247.02,64,0.12113433994575562,254.7199999999998,133.2146875,134.72,131.48,135.07,64,0.0011883542693782445,0.1599999999999966,0,0,0
2017Q1,9.98611111111111,9.75,9.75,10.0,90.0,-0.025317807984289953,-0.25,58.641644642857145,56.3779,56.3779,60.3196,56,-0.07315615869610248,-4.2790000000000035,62.57571428571429,60.595,60.0249,65.0322,56,-0.05171477498854404,-3.2161000000000044,110.43,-32.40999999999997,-0.25734328666720785,439.28,-114.06999999999994,-0.23085368974017761,11.746666666666668,-0.24666666666666437,-0.020781427454407808,56.9,-21.619999999999983,-0.3220580282759755,206.15,-67.00999999999996,-0.2814536449399796,11.410000000000002,-0.019999999999997797,-0.001751313932734977,0.515258534818437,0.4692906574394464,3.977904554921669,3.623022847100176,159476.64923076922,159647.91,157778.75,161290.53,13.0,7.641845494177346e-06,1.2200000000011642,2125.9622580645164,1995.9,1973.96,2285.43,62,-0.11212549671246119,-236.8199999999997,135.75564516129032,136.77,134.52,136.84,62,0.015102132399443136,2.0500000000000114,0,0,0
2017Q2,9.387362637362637,9.0,9.0,9.75,91.0,-0.08004270767353638,-0.75,57.09763770491803,59.0855,55.8453,60.1482,61,0.04690830969840132,2.7076000000000064,62.78874098360656,67.4993,59.6124,67.6868,61,0.1079048460338905,6.904300000000006,147.01,36.579999999999984,0.28611877561683574,590.46,151.18000000000006,0.2957648711683323,11.293333333333331,-0.4533333333333367,-0.03935693128412554,73.16,16.259999999999998,0.25135348239038,271.98,65.83000000000001,0.2771244750279038,10.836666666666666,-0.5733333333333359,-0.051554718226280105,0.4976532208693286,0.46062392033329946,4.016461465206449,3.71760524876982,158050.84461538462,158539.88,156256.45,159775.14,13.0,-0.006964657436290267,-1108.0299999999988,1938.4022950819672,1879.5,1817.82,2056.32,61,-0.060089292411718453,-116.40000000000009,137.7973770491803,137.82,136.16,138.7,61,0.007647803035601974,1.049999999999983,0,0,0
2017Q3,8.929347826086957,8.5,8.5,9.0,92.0,-0.057158413839948796,-0.5,59.01548636363636,58.0169,56.9966,60.7503,66,-0.018251200025815706,-1.0686000000000035,69.28792424242424,68.4483,67.2016,71.9527,66,0.013961488325249682,0.9489999999999981,150.5,3.490000000000009,0.023462472513054777,604.9300000000001,14.470000000000027,0.024210854718504926,10.57,-0.7233333333333309,-0.0661927812335974,72.19,-0.9699999999999989,-0.013347291371595738,275.53,3.5499999999999545,0.01296798140571287,10.246666666666668,-0.5899999999999981,-0.05598299620536418,0.47966777408637873,0.45547418709602755,4.0194684385382065,3.816733619614905,157843.82076923078,158431.64,155436.73,159505.6,13.0,-0.0006829635937481982,-108.23999999999069,1981.362,2077.19,1902.59,2081.12,65,0.10001023478141757,197.69000000000005,138.45584615384615,139.66,136.94,140.02,65,0.013262411488828008,1.8400000000000034,0,0,0
2017Q4,8.252717391304348,7.75,7.75,8.5,92.0,-0.09237332013101529,-0.75,58.4022109375,57.6002,57.0861,60.249,64,-0.007208307496018307,-0.41669999999999874,68.7838734375,68.8668,67.2179,71.1721,64,0.006095488344385558,0.41849999999999454,217.10999999999996,66.60999999999996,0.36644105335721555,902.21,297.28,0.39973456007226194,9.996666666666666,-0.5733333333333341,-0.05576809578933828,97.88,25.689999999999998,0.30444070642340204,380.34000000000003,104.81000000000006,0.3223690739376046,9.723333333333334,-0.5233333333333334,-0.0524239542308198,0.45083137580028565,0.4215648241540218,4.155543272995257,3.885778504290969,157326.32384615386,157586.05,155622.97,158598.61,13.0,-0.005351548630553538,-845.5900000000256,2111.6409375,2109.74,2046.69,2183.61,64,0.015548698343099687,32.54999999999973,140.40546875,141.49,139.49,141.49,64,0.013018145789971847,1.8300000000000125,0,0,0
2018Q1,7.6,7.25,7.25,7.75,90.0,-0.06669137449867213,-0.5,56.81486964285715,57.2649,55.6717,58.1718,56,-0.0058381693372382415,-0.3353000000000037,69.95565892857142,70.5618,67.8841,71.3943,56,0.024314717453261636,1.6950000000000074,178.45,-38.65999999999997,-0.19609568760997664,729.36,-172.85000000000002,-0.21267987165306845,9.806666666666667,-0.1899999999999995,-0.01918927758762612,80.22,-17.659999999999997,-0.19896937823256433,314.81,-65.53000000000003,-0.18909630728465476,9.486666666666666,-0.23666666666666814,-0.02464119121792363,0.44953768562622587,0.4316249862893496,4.0871952927991035,3.924333084018948,157017.15923076923,156769.31,155992.16,158079.46,13.0,-0.005196296559194735,-816.7399999999907,2275.4325000000003,2270.98,2152.97,2353.16,60,0.0736467392449427,161.24000000000024,143.71733333333336,144.98,141.77,145.24,60,0.024366758664870147,3.4899999999999807,0,0,0
2018Q2,7.25,7.25,7.25,7.25,91.0,0.0,0.0,61.91300655737705,62.7565,57.285,64.0683,61,0.09157428772383902,5.491600000000005,73.82194918032786,72.9921,70.5926,79.2839,61,0.03386229453695311,2.4302999999999884,210.8,32.35000000000002,0.16660136673103842,906.59,177.23000000000002,0.21752287094645784,9.583333333333334,-0.22333333333333272,-0.02303694792993216,83.46000000000001,3.240000000000009,0.03959461482149962,347.84,33.02999999999997,0.09977332169336961,9.216666666666667,-0.2699999999999996,-0.028873864693362616,0.3959203036053131,0.3836795023108571,4.300711574952562,4.167745027558111,157681.0169230769,158864.34,155408.84,159287.38,13.0,0.013275268765882586,2095.029999999999,2271.66203125,2295.95,2090.88,2357.62,64,0.010935244825157397,24.9699999999998,142.25375,139.98,138.8,145.01,64,-0.03509624661133781,-5.0,0,0,0
2018Q3,7.288043478260869,7.5,7.25,7.5,92.0,0.03390155167568132,0.25,65.55148153846154,65.5906,62.098,69.9744,65,0.044170234695099175,2.8340999999999923,76.21766153846154,76.2294,72.4659,81.3942,65,0.04339599893805435,3.2373000000000047,215.35000000000002,4.550000000000011,0.021354794832912027,961.8799999999999,55.28999999999985,0.059199394537164274,9.413333333333334,-0.16999999999999993,-0.017898354618318013,87.29999999999998,3.839999999999975,0.04498298768214948,383.4900000000001,35.65000000000015,0.09757094091519569,8.963333333333333,-0.25333333333333385,-0.027871257687570594,0.4053865799860691,0.3986879860273633,4.466589273276061,4.392783505154641,160739.87461538462,161429.18,159190.68,162970.81,13.0,0.016015902071135457,2564.8399999999965,2327.433692307692,2475.36,2247.82,2475.36,65,0.07523913877190846,179.4100000000003,136.45015384615385,135.09,130.52,140.9,65,-0.03555833227980365,-4.889999999999986,0,0,0
2018Q4,7.540760869565218,7.75,7.5,7.75,92.0,0.03278982282299081,0.25,66.5176276923077,69.4706,65.2221,69.5218,65,0.05747124848940288,3.8800000000000097,75.93918307692309,79.4605,74.4189,79.6581,65,0.041512827788610984,3.231099999999998,276.80999999999995,61.45999999999992,0.2510667387584542,1254.17,292.2900000000002,0.2653395754325292,9.536666666666667,0.12333333333333307,0.013016894436977289,106.03,18.730000000000018,0.19437161009215043,466.2099999999998,82.71999999999969,0.19532263154501717,9.14,0.17666666666666764,0.0195182038533952,0.38304252014016843,0.37172791567331365,4.530797297785486,4.39696312364425,166637.14615384614,169104.31,162619.32,169104.31,13.0,0.046449210901249316,7675.130000000005,2379.5712307692306,2369.33,2290.86,2493.91,65,-0.04377862523081966,-106.0300000000002,133.88815384615384,134.31,132.05,135.36,65,-0.005790662060606522,-0.7800000000000011,0,0,0
2019Q1,7.75,7.75,7.75,7.75,90.0,0.0,0.0,65.74295789473683,64.7347,63.742,67.192,57,-0.07060626226748123,-4.735900000000001,74.6838701754386,72.723,72.5808,77.2105,57,-0.08860233969714848,-6.737499999999997,194.2,-82.60999999999996,-0.35444279440134885,881.06,-373.1100000000001,-0.3531035501488331,10.173333333333334,0.6366666666666667,0.06462589935423768,90.99000000000001,-15.039999999999992,-0.15297246256910668,405.58000000000004,-60.62999999999977,-0.13931803499654016,9.73,0.5899999999999999,0.06255351073185489,0.46853759011328533,0.4603318729711939,4.53686920700309,4.45741290251676,171829.4169230769,175817.59,169302.12,175817.59,13.0,0.03893129367182091,6713.279999999999,2479.6995,2497.1,2375.6,2547.27,60,0.052522843795601126,127.76999999999998,136.4145,136.78,134.41,137.69,60,0.01822323474896681,2.469999999999999,0,0,0
2019Q2,7.711538461538462,7.5,7.5,7.75,91.0,-0.03278982282299081,-0.25,64.52174406779662,63.0756,62.5229,65.5547,59,-0.025963372254645734,-1.6591000000000022,72.50686779661017,71.8179,71.2323,73.5231,59,-0.012523954539343407,-0.9051000000000045,191.4,-2.799999999999983,-0.01452307683837084,909.8399999999999,28.779999999999973,0.032143031832223556,10.416666666666666,0.2433333333333323,0.02363716976615393,88.89,-2.1000000000000085,-0.023349960115016444,413.53,7.949999999999932,0.01941192182607221,9.793333333333333,0.06333333333333258,0.0064879858797080026,0.46442006269592473,0.4545084850083531,4.753605015673981,4.652154348070649,178400.69153846154,179802.26,175919.62,180945.23,13.0,0.022410654351673998,3984.670000000013,2627.753387096774,2765.85,2508.87,2780.2,62,0.10221794328374312,268.75,138.713064516129,142.19,136.37,142.55,62,0.03879039573833243,5.409999999999997,0,0,0
2019Q3,7.266304347826087,7.0,7.0,7.5,92.0,-0.06899287148695143,-0.5,64.59361846153847,64.4156,62.8129,66.9072,65,0.021021832833728382,1.3399999999999963,71.85655846153847,70.3161,70.0193,73.9766,65,-0.021132957516299733,-1.5017999999999887,191.36,-0.03999999999999204,-0.00020900825658731748,923.51,13.670000000000073,0.014912868074809182,9.936666666666667,-0.47999999999999865,-0.04717546849243037,84.25,-4.640000000000001,-0.05361108102111256,409.75,-3.7799999999999727,-0.00918284559865068,9.22,-0.5733333333333324,-0.06032684450911896,0.4402696488294314,0.44368766986822017,4.826034698996655,4.863501483679525,180403.32923076922,181199.02,178010.78,181413.06,13.0,0.0077382937255165984,1396.7599999999802,2740.1789393939393,2747.18,2615.2,2842.78,66,-0.0067730708423514585,-18.670000000000073,143.765,145.14,142.39,145.34,66,0.020534602441707683,2.9499999999999886,0,0,0
2019Q4,6.603260869565218,6.25,6.25,7.0,92.0,-0.11332868530700302,-0.75,63.74488615384615,61.9057,61.7164,65.4399,65,-0.03974358034320247,-2.5098999999999947,70.53603692307692,69.3406,68.4065,71.4785,65,-0.013970197854491495,-0.9755000000000109,258.53,67.16999999999996,0.3008552706110619,1316.32,392.80999999999995,0.35441361546962113,9.173333333333334,-0.7633333333333336,-0.07993089462483693,108.15,23.900000000000006,0.24973058316659724,552.11,142.36,0.29820008416277766,8.42,-0.8000000000000007,-0.09076520931426746,0.4183266932270917,0.4194344840160448,5.09155610567439,5.105039297272307,181251.33384615384,179350.75,179350.75,182966.35,13.0,-0.01025259946869106,-1848.2699999999895,2895.98890625,3045.87,2692.55,3050.47,64,0.10321164364422675,298.69000000000005,149.0728125,150.57,145.1,150.57,64,0.036729298484961426,5.430000000000007,0,0,0
2020Q1,6.1098901098901095,6.0,6.0,6.25,91.0,-0.040821994520255256,-0.25,66.62626607142857,77.7325,60.9474,80.8815,56,0.22766118588155848,15.826799999999999,73.41285,85.7389,67.8162,87.2669,56,0.2122760383694713,16.398300000000006,245.11,-13.419999999999959,-0.05330465199794254,1280.7,-35.61999999999989,-0.027433160988593386,8.793333333333335,-0.379999999999999,-0.04230686577597442,101.47,-6.680000000000007,-0.06375596410807649,539.09,-13.019999999999982,-0.023864768935379033,8.02,-0.40000000000000036,-0.04867140637581224,0.4139773979029823,0.4209338642929648,5.225001019950226,5.312801813343846,182084.11615384615,184642.5,179993.73,184642.5,13.0,0.029078137352382072,5291.75,2876.6418333333336,2508.81,2112.64,3219.92,60,-0.1939780375036264,-537.06,149.19333333333333,146.92,137.04,153.38,60,-0.024539871383485234,-3.6500000000000057,0,0,0
2020Q2,5.543956043956044,4.5,4.5,6.0,91.0,-0.2876820724517808,-1.5,72.04791428571428,69.9513,68.3123,77.0416,56,-0.10547415969694285,-7.781199999999998,79.30264107142857,78.6812,76.6243,83.6826,56,-0.08590238654622873,-7.057699999999997,178.1,-67.01000000000002,-0.31936189907976953,882.22,-398.48,-0.3727206244219241,7.883333333333333,-0.9100000000000019,-0.10924303235122679,75.45,-26.019999999999996,-0.2962930030771336,385.86,-153.23000000000002,-0.33440792347651094,6.163333333333334,-1.8566666666666656,-0.2633206651474991,0.42363840539023023,0.43737389766724855,4.9535092644581695,5.114115308151093,184222.2353846154,183780.15,182667.47,185694.75,13.0,-0.004681316823743842,-862.3500000000058,2676.74131147541,2743.2,2473.61,2831.08,61,0.08931658503117834,234.38999999999987,153.69229508196722,155.08,146.44,157.55,61,0.05405289185126172,8.160000000000025,1,0,0
2020Q3,4.320652173913044,4.25,4.25,4.5,92.0,-0.057158413839948796,-0.25,73.56878333333334,79.6845,70.4413,79.6845,66,0.13027580194309696,9.733199999999997,85.95532727272727,93.0237,78.9929,93.0237,66,0.1674500543402493,14.342500000000001,349.9,171.79999999999998,0.6753022090780263,1896.0500000000002,1013.8300000000002,0.7650865957651654,7.416666666666667,-0.4666666666666659,-0.061021106325692465,147.22,71.77,0.6684578814167015,859.23,473.37,0.8005620299713341,5.983333333333333,-0.1800000000000006,-0.029639930464745667,0.4207487853672478,0.453168429102608,5.418833952557875,5.836367341393832,189374.47,191913.57,184583.68,192843.85,14.0,0.043304908161360345,8133.420000000013,2917.4513846153845,2905.81,2744.54,3080.44,65,0.05758705887568194,162.61000000000013,154.12953846153846,152.36,151.97,156.01,65,-0.017694971192325326,-2.719999999999999,1,0,0
2020Q4,4.25,4.25,4.25,4.25,92.0,0.0,0.0,76.20301076923077,73.8757,72.9272,80.5749,65,-0.07569113643857062,-5.808800000000005,90.83055692307693,90.6824,88.5847,93.757,65,-0.025491007411899247,-2.341300000000004,438.57000000000005,88.67000000000007,0.2258720348179919,2478.27,582.2199999999998,0.26778796131600924,7.446666666666666,0.02999999999999936,0.004036785028805223,168.61,21.390000000000015,0.13566028915932993,1028.0900000000001,168.86000000000013,0.17942135147492344,6.033333333333334,0.05000000000000071,0.008321823337492207,0.3844540210228698,0.41484180496878875,5.650796908133251,6.0974438052310065,198965.64615384614,205220.19,193108.83,205220.19,13.0,0.06703838584228272,13306.619999999995,3019.6828125,3289.02,2690.59,3289.02,64,0.12387746702182234,383.21000000000004,153.705625,153.15,151.86,154.56,64,0.005171691668381051,0.789999999999992,1,0,0
2021Q1,4.277777777777778,4.5,4.25,4.5,90.0,0.057158413839948796,0.25,74.36855178571429,75.7023,72.9619,76.2527,56,0.02442459192631219,1.8265999999999991,89.55501785714286,88.8821,86.9693,92.2963,56,-0.02005251957017684,-1.8003000000000071,320.32,-118.25000000000006,-0.31419893806477894,1911.65,-566.6199999999999,-0.25959399262973637,7.44,-0.0066666666666659324,-0.0008956561279442887,128.32,-40.29000000000002,-0.27306121167168484,826.6300000000001,-201.46000000000004,-0.21810079615258093,6.1433333333333335,0.10999999999999943,0.018067833409951772,0.4005994005994006,0.43241702194439363,5.967938311688312,6.441942019950126,211147.78076923077,217665.48,204928.21,218250.16,13.0,0.05887588856303516,12445.290000000008,3436.896229508197,3541.72,3277.08,3589.83,61,0.0740228367884388,252.69999999999982,149.30639344262295,145.61,144.27,153.53,61,-0.05048601855597035,-7.539999999999992,1,0,0
2021Q2,4.950549450549451,5.5,4.5,5.5,91.0,0.2006706954621511,1.0,74.29357580645161,72.3723,71.6797,77.773,62,-0.04498491357519274,-3.3299999999999983,89.47382903225807,86.2026,85.9943,92.3321,62,-0.030610432787224973,-2.6794999999999902,377.29999999999995,56.97999999999996,0.16372013084340864,2401.55,489.9000000000001,0.228147618747232,7.336666666666667,-0.1033333333333335,-0.013986241974740077,154.51999999999998,26.19999999999999,0.1857963936798761,1096.26,269.6299999999999,0.2823024709831259,6.0200000000000005,-0.12333333333333307,-0.020280223692892507,0.40954147892923404,0.4564801898773708,6.365094089583887,7.094615583743206,223942.56615384616,229635.5,219186.09,229635.5,13.0,0.05353388038585827,11970.01999999999,3681.05140625,3841.85,3486.03,3860.18,64,0.08134153656614451,300.1300000000001,145.0925,144.08,143.83,146.2,64,-0.010563113855113215,-1.5300000000000011,1,0,0
2021Q3,6.2771739130434785,6.75,5.5,6.75,92.0,0.20479441264601328,1.25,73.47093484848484,72.7608,72.4329,75.1952,66,0.005353719143900371,0.3885000000000076,86.64525757575757,84.8755,84.6752,88.7755,66,-0.01551486275005498,-1.3271000000000015,296.25,-81.04999999999995,-0.24183693452092303,1930.26,-471.2900000000002,-0.21845965335718898,8.06,0.7233333333333336,0.09402894964827646,107.66,-46.859999999999985,-0.3613454246652692,764.9499999999999,-331.31000000000006,-0.35984919343824107,6.753333333333333,0.7333333333333325,0.11494895083169787,0.36340928270042194,0.3962937635344461,6.515645569620253,7.105238714471484,237193.88923076924,242711.33,231225.74,242711.33,13.0,0.05537952557263459,13075.829999999987,3900.0048484848485,4103.52,3693.42,4103.52,66,0.06589112054523483,261.6700000000005,144.4780303030303,142.55,142.55,145.76,66,-0.01067588550901899,-1.5300000000000011,1,0,0
2021Q4,7.434782608695652,8.5,6.75,8.5,92.0,0.23052365861183222,1.75,72.6543046875,74.2926,69.5526,75.5873,64,0.020834001890482234,1.5317999999999898,83.0673984375,84.0695,80.7019,84.9526,64,-0.009541639172954142,-0.8059999999999974,353.98,57.73000000000002,0.17803672191326658,2470.2,539.9399999999998,0.24664441015233063,7.760000000000001,-0.2999999999999998,-0.0379312223234094,153.52,45.860000000000014,0.3548527385666329,1132.85,367.9,0.39268138817007525,6.296666666666667,-0.4566666666666661,-0.07001581730711903,0.4336968190293237,0.45860659055946884,6.978360359342335,7.379168837936424,250753.02923076923,257412.94,242795.9,257412.94,13.0,0.05880877105785487,14701.610000000015,4014.195625,3787.26,3618.31,4287.52,64,-0.08020233947277333,-316.2600000000002,137.05578125,135.77,133.57,142.24,64,-0.04873053774649172,-6.780000000000001,1,0,0
2022Q1,12.744444444444444,20.0,8.5,20.0,90.0,0.8556661100577201,11.5,87.3478625,84.0851,74.5277,120.3785,56,0.12381803071458108,9.792500000000004,97.796475,93.696,84.6709,132.9581,56,0.10841166119403667,9.626499999999993,273.95,-80.03000000000003,-0.25629480637818336,1863.49,-606.7099999999998,-0.28184804534530983,8.136666666666668,0.3766666666666678,0.04739826154163174,138.55,-14.969999999999999,-0.10259958039045713,954.73,-178.1199999999999,-0.1710632823893663,6.423333333333333,0.12666666666666604,0.019916800912856747,0.5057492243110058,0.512334383334496,6.802299689724403,6.890869722121977,264647.1123076923,276245.76,257310.3,276245.76,13.0,0.07060933844917905,18832.820000000007,3346.6428888888886,2703.51,2058.12,3873.49,45,-0.3370918737492188,-1083.75,124.72404255319148,116.97,102.45,136.45,47,-0.14904478594957382,-18.80000000000001,1,0,0
2022Q2,13.983516483516484,9.5,9.5,20.0,91.0,-0.7444404749474955,-10.5,66.51414,51.158,51.158,83.5932,60,-0.49691049834171563,-32.927099999999996,70.62439166666667,53.858,53.858,92.493,60,-0.5537045455133747,-39.838,132.24,-141.70999999999998,-0.7283271544716552,963.3399999999999,-900.1500000000001,-0.6597999398289573,6.253333333333333,-1.8833333333333355,-0.26326594082679056,78.28,-60.27000000000001,-0.5709391287811121,629.12,-325.61,-0.4171065604753501,3.98,-2.443333333333333,-0.47865537446181894,0.5919540229885057,0.653061224489796,7.284785238959467,8.03679100664282,283375.5946153846,274767.47,274767.47,288819.76,13.0,-0.0053657279582566275,-1478.2900000000373,2394.116666666667,2204.85,2186.22,2787.69,60,-0.20389144936793446,-498.6600000000003,127.18533333333333,134.62,115.22,135.1,60,0.1405385029199513,17.650000000000006,1,0,0
2022Q3,8.326086956521738,7.5,7.5,9.5,92.0,-0.23638877806423064,-2.0,59.478272727272724,57.413,52.5123,63.1427,66,0.1153518756137939,6.2549999999999955,59.82493636363636,55.4064,54.6405,64.326,66,0.028344157161203754,1.5484000000000009,236.98000000000002,104.74000000000001,0.5833572958758246,1897.8200000000002,934.4800000000002,0.6780547251727658,6.066666666666666,-0.18666666666666654,-0.030305349495328926,114.09,35.81,0.37669546808040266,1038.1399999999999,409.01999999999987,0.5008639118714564,3.47,-0.5099999999999998,-0.13712722533757837,0.4814330323234028,0.5470171038349263,8.008355135454469,9.099307564203697,270432.24307692307,271231.76,268552.95,273479.32,13.0,-0.01295151798558436,-3535.7099999999627,2207.9307575757575,1957.31,1933.35,2488.44,66,-0.11908839778184621,-247.53999999999996,134.13242424242424,125.74,125.74,136.24,66,-0.06823971162765208,-8.88000000000001,1,0,0
2022Q4,7.5,7.5,7.5,7.5,92.0,0.0,0.0,62.69369692307692,70.3375,55.2987,72.1306,65,0.2030343262405534,12.924500000000009,63.98105692307692,75.6553,52.7379,76.6446,65,0.31149238671816093,20.2489,253.51,16.529999999999973,0.06742752059635837,1932.3899999999999,34.56999999999971,0.018051719752422812,6.54,0.4733333333333336,0.07512786005446737,104.95,-9.14,-0.08350356434163597,903.81,-134.32999999999993,-0.1385667680794569,3.2466666666666666,-0.2233333333333336,-0.06652576497243401,0.41398761390083233,0.4677161442565942,7.622539544791132,8.611815150071461,264594.2576923077,257917.82,257917.82,270946.43,13.0,-0.05033265130475151,-13313.940000000002,2129.6709375,2154.12,1916.97,2244.77,64,0.09581120589671865,196.80999999999995,129.96203125,130.4,126.94,130.89,64,0.0363903665376375,4.660000000000011,1,0,0
2023Q1,7.5,7.5,7.5,7.5,90.0,0.0,0.0,72.97114285714285,77.0863,67.5744,77.2422,56,0.09162048871092754,6.748799999999989,78.39524642857143,83.7639,72.7908,83.7639,56,0.10181462981812661,8.10860000000001,212.57999999999998,-40.93000000000001,-0.17608488187951643,1573.7199999999998,-358.6700000000001,-0.20531533532618784,7.96,1.42,0.19649183438718443,89.5,-15.450000000000003,-0.15924542098583228,709.26,-194.54999999999995,-0.24239698832040624,5.563333333333333,2.316666666666666,0.5385686200193001,0.42101796970552263,0.4506900846402156,7.402954181955028,7.924692737430168,255486.89384615386,255997.39,253316.39,257479.07,13.0,-0.007473757934201686,-1920.429999999993,2253.985322580645,2450.67,2153.96,2465.93,62,0.12897916906961182,296.5500000000002,129.555,129.08,128.37,131.26,62,-0.010174282308791582,-1.3199999999999932,1,0,0
2023Q2,7.5,7.5,7.5,7.5,91.0,0.0,0.0,81.24019180327869,87.0341,75.8846,87.0341,61,0.12137442241333485,9.9478,88.47596393442623,95.1052,82.8877,95.1052,61,0.1269815202585418,11.34129999999999,291.81,79.23000000000002,0.3167845174440229,2161.66,587.94,0.31743420160893887,8.536666666666667,0.5766666666666671,0.06994161168703261,113.81,24.310000000000002,0.24029176601298907,907.3599999999999,198.0999999999999,0.2463171112753777,6.453333333333333,0.8900000000000006,0.14839934417468736,0.39001405023816865,0.41975148728292144,7.407765326753709,7.97258588876197,260008.59923076924,265953.35,254579.58,265953.35,13.0,0.03815366834660061,9955.959999999963,2651.78064516129,2797.37,2473.32,2819.3,62,0.13231823350316674,346.6999999999998,129.29435483870967,128.41,128.41,129.83,62,-0.005204097340578251,-0.6700000000000159,1,0,0
2023Q3,10.179347826086957,13.0,7.5,13.0,92.0,0.5500463369192721,5.5,94.20011666666666,97.4147,88.3844,101.0399,66,0.11267712740158498,10.380600000000001,102.54435454545455,103.1631,96.0195,110.6847,66,0.08132758362732417,8.057900000000004,400.75,108.94,0.3172348859402039,2925.69,764.0300000000002,0.3026539052448429,8.126666666666667,-0.41000000000000014,-0.04921977615830864,190.99,77.18,0.517690679361265,1492.45,585.0900000000001,0.4976350596023531,6.233333333333333,-0.21999999999999975,-0.03468555798789019,0.47658140985651903,0.5101189804798184,7.300536494073612,7.814283470338761,270072.4238461539,277555.51,264312.51,277555.51,13.0,0.042700031756293555,11602.160000000033,3060.9112307692308,3133.26,2793.93,3268.97,65,0.1133943060170246,335.8900000000003,124.57553846153846,119.34,119.34,128.35,65,-0.07325170774924672,-9.069999999999993,1,0,0
2023Q4,14.521739130434783,16.0,13.0,16.0,92.0,0.2076393647782444,3.0,92.753353125,89.6883,87.8701,101.3598,64,-0.08263679751045938,-7.726399999999998,99.7625109375,99.1919,96.1475,107.0322,64,-0.039254873237559273,-3.971199999999996,376.92,-23.829999999999984,-0.06130482815110749,2689.66,-236.0300000000002,-0.08411555872699061,8.256666666666668,0.13000000000000078,0.015870119448142983,198.15,7.159999999999997,0.03680324898138032,1578.48,86.02999999999997,0.05604329379313455,6.343333333333334,0.11000000000000032,0.01749315744751745,0.5257083731295765,0.586869715874869,7.135890905231879,7.966086298258895,283709.25076923077,285189.63,278455.53,286592.02,13.0,0.027133378212290893,7634.119999999995,3167.7316923076924,3099.11,3008.84,3269.27,65,-0.010959022581905842,-34.15000000000009,120.07646153846154,121.05,117.32,122.46,65,0.014227121290131706,1.7099999999999937,1,0,0
2024Q1,16.0,16.0,16.0,16.0,91.0,0.0,0.0,90.80024561403508,92.366,87.6457,92.7761,57,0.02941861978901894,2.6777000000000015,98.49847192982456,99.5299,95.6007,100.6139,57,0.0034017438040585546,0.33799999999999386,193.64000000000001,-183.28,-0.6660321982670618,1335.95,-1353.7099999999998,-0.6997721423088867,9.086666666666666,0.8299999999999983,0.09578718276711795,90.48,-107.67,-0.7838954878285787,744.06,-834.4200000000001,-0.7520959609184699,6.6499999999999995,0.30666666666666575,0.04721246202781404,0.46725883082007846,0.5569519817358434,6.899142739103491,8.223474801061007,290227.03846153844,294482.13,284198.72,296472.59,13.0,0.0320639947031669,9292.5,3231.124918032787,3332.53,3130.23,3332.6,61,0.0726168017840294,233.42000000000007,119.17852459016395,115.38,115.07,121.49,61,-0.04797265455532429,-5.670000000000002,1,0,0
2024Q2,16.0,16.0,16.0,16.0,91.0,0.0,0.0,90.48005666666667,85.748,82.6282,94.3242,60,-0.0743461834049155,-6.617999999999995,97.48340833333333,92.4184,89.0914,101.2333,60,-0.07413200851308321,-7.111499999999992,311.15999999999997,117.51999999999995,0.4743064842670801,2148.96,813.01,0.4753413549142129,8.443333333333333,-0.6433333333333326,-0.07343096225480261,166.41,75.92999999999999,0.6093257909273877,1332.47,588.4100000000001,0.5826679649725239,6.5566666666666675,-0.09333333333333194,-0.014134510934904476,0.5348052448900887,0.6200534211897848,6.906286155032781,8.007151012559342,298621.6276923077,303081.32,294218.03,303081.32,13.0,0.028782830205980048,8599.190000000002,3343.039523809524,3154.36,3027.47,3501.89,63,-0.054946152479862675,-178.17000000000007,111.11079365079364,106.8,104.97,115.23,63,-0.07727310230264894,-8.579999999999998,1,0,0
2024Q3,17.554347826086957,19.0,16.0,19.0,92.0,0.17185025692665912,3.0,89.23369384615384,92.7126,84.9471,92.92,65,0.07809162350641419,6.96459999999999,98.01509076923077,103.4694,92.8291,103.4758,65,0.11294982379560015,11.050999999999988,179.99,-131.16999999999996,-0.5474059555471857,1257.58,-891.3800000000001,-0.53579476492017,10.376666666666667,1.9333333333333336,0.20618252043993301,73.13,-93.28,-0.8222159434523935,648.44,-684.03,-0.720220163441887,7.183333333333334,0.626666666666666,0.09128118414878905,0.4063003500194455,0.5156252484931377,6.986943719095504,8.866949268426092,297622.03461538465,299747.7,291119.9,304036.89,13.0,-0.01106003152212054,-3333.6199999999953,2855.608181818182,2857.56,2524.38,3217.29,66,-0.09881750895919073,-296.8000000000002,104.38454545454546,101.59,101.59,107.3,66,-0.05001282142264074,-5.209999999999994,0,1,1
2024Q4,20.41304347826087,21.0,19.0,21.0,92.0,0.10008345855698275,2.0,99.61002575757576,101.6797,93.2221,109.5782,66,0.09232329077881207,8.967100000000002,106.59195909090909,106.1028,103.2997,116.141,66,0.025132518651858504,2.633400000000009,172.13,-7.860000000000014,-0.044651288507973064,1199.45,-58.12999999999988,-0.047326120864664034,9.193333333333333,-1.1833333333333336,-0.12108111208836103,91.05,17.92,0.21917012689075754,751.37,102.92999999999995,0.1473287285970013,6.483333333333333,-0.7000000000000002,-0.10252874648530153,0.5289606692616046,0.6264287798574346,6.968279788531924,8.25227896760022,298340.0169230769,295765.51,295765.51,300228.6,13.0,-0.013374176392215276,-3982.1900000000023,2652.02696969697,2883.04,2377.15,2883.04,66,0.008877179154652026,25.480000000000018,99.87818181818182,106.58,96.37,106.75,66,0.04795077176518259,4.989999999999995,0,1,1
2025Q1,21.0,21.0,21.0,21.0,90.0,0.0,0.0,92.41985614035089,83.6813,81.5018,103.438,57,-0.19481214087532628,-17.998400000000004,97.35001228070176,89.6553,87.5697,106.2493,57,-0.16843611837063843,-16.447500000000005,130.03,-42.099999999999994,-0.28048481222018573,924.91,-274.5400000000001,-0.25992196189449235,8.26,-0.9333333333333336,-0.10705399616415923,86.91,-4.140000000000001,-0.046535705724248366,675.09,-76.27999999999997,-0.1070521915526097,6.56,0.07666666666666622,0.011755821559651825,0.6683842190263785,0.7298980441340239,7.113050834422825,7.767690714532275,299595.64461538463,310362.97,294264.59,310362.97,13.0,0.04817553908702976,14597.459999999963,3073.912295081967,3013.36,2773.12,3326.14,61,0.04421044225797299,130.32000000000016,107.02196721311476,108.83,102.34,112.79,61,0.020891154839334014,2.25,0,1,1
2025Q2,20.75824175824176,20.0,20.0,21.0,91.0,-0.04879016416943216,-1.0,80.93688983050848,78.4685,78.1959,86.1891,59,-0.06431826519768613,-5.212799999999987,91.74857627118644,92.2785,88.9481,96.2163,59,0.028838861197967525,2.623199999999997,145.86,15.830000000000013,0.11488206449285787,1109.24,184.33000000000004,0.18173393963665063,8.549999999999999,0.28999999999999915,0.034506695415781774,87.92,1.0100000000000051,0.011554209645996849,730.7,55.610000000000014,0.0791569634794076,6.926666666666667,0.36666666666666714,0.05438809404697409,0.6027697792403675,0.6587393170098446,7.604826546003016,8.310964513193813,307125.64923076925,307418.56,305889.58,309858.43,13.0,-0.009532276871770051,-2944.4099999999744,2827.978064516129,2847.38,2650.69,3034.3,62,-0.05665646203317465,-165.98000000000002,109.60516129032258,115.06,105.76,115.06,62,0.05566669972717708,6.230000000000004,0,1,1
2025Q3,18.41304347826087,17.0,17.0,20.0,92.0,-0.1625189294977747,-3.0,80.56005303030302,82.8676,77.8855,85.6647,66,0.054546883047179584,4.39909999999999,94.24115151515151,97.141,90.5635,99.8246,66,0.05135235298805796,4.862500000000011,175.60000000000002,29.74000000000001,0.18556142364492967,1340.32,231.07999999999993,0.18923329528741029,8.91,0.3600000000000012,0.04124295853404947,103.05000000000001,15.13000000000001,0.15878699724110223,873.2199999999999,142.51999999999987,0.17818454987651045,7.3566666666666665,0.4299999999999997,0.06022823459756377,0.5868451025056948,0.6515011340575385,7.6328018223234615,8.473750606501696,308190.2315384616,319102.8,303144.45,319102.8,13.0,0.03730310128413805,11684.23999999999,2825.211363636364,2684.6,2642.02,3012.09,66,-0.05886753214976714,-162.7800000000002,118.5289393939394,114.59,114.59,122.27,66,-0.004093190996790952,-0.46999999999999886,0,1,1
2025Q4,16.58695652173913,16.0,16.0,17.0,92.0,-0.06062462181643502,-1.0,79.8908276923077,78.2267,76.0937,83.0,65,-0.05763313191667141,-4.640900000000002,93.05941076923078,92.0938,88.7028,96.8644,65,-0.05335590842220661,-5.047200000000004,268.22,92.62,0.4235988580817782,2123.8900000000003,783.5700000000004,0.460340921538017,9.026666666666666,0.11666666666666536,0.01300891789324643,162.3,59.25,0.45423216718407744,1410.78,537.5600000000001,0.47971049323388737,7.293333333333333,-0.06333333333333346,-0.008646242714864583,0.6051002908060548,0.6642434401028301,7.918462456192678,8.69242144177449,324073.8776923077,330049.43,320226.6,330049.43,13.0,0.03372912319774457,10946.630000000005,2637.598923076923,2766.62,2476.79,2774.23,65,0.030094617450907357,82.01999999999998,116.50876923076923,118.08,113.22,119.06,65,0.030001820413805724,3.489999999999995,0,1,1
2026Q1,15.705555555555556,15.0,15.0,16.0,90.0,-0.06453852113757108,-1.0,78.33198703703704,81.2955,75.7327,84.8379,54,0.03847964296674977,3.06880000000001,91.72953148148147,93.4369,88.7898,97.2886,54,0.014478719296876719,1.3430999999999926,115.47999999999999,-152.74000000000004,-0.8427101844880607,907.25,-1216.6400000000003,-0.8505865458503372,10.155000000000001,1.1283333333333356,0.11778303565638382,60.03,-102.27000000000001,-0.9946020372567936,528.96,-881.8199999999999,-0.9809852072749106,8.065000000000001,0.7716666666666683,0.10057302269150159,0.5198302736404573,0.5830366492146597,7.856338759958435,8.81159420289855,338172.7523076923,345749.81,331227.72,345749.81,13.0,0.0464729898924805,15700.380000000005,2788.21,2776.37,2696.92,2888.68,60,0.0035179605431494565,9.75,117.854,119.16,115.56,119.89,60,0.009104766992919622,1.0799999999999983,0,1,1
2026Q2,15.0,15.0,15.0,15.0,5.0,0.0,0.0,80.484075,79.7293,79.7293,81.2504,4,-0.019453517623754024,-1.5662000000000091,92.910575,92.1915,92.1915,93.4443,4,-0.013418406736369626,-1.2453999999999894,,,,,,,,,,,,,,,,,,,,,,,348740.13,348740.13,348740.13,348740.13,1.0,0.008611610645115064,2990.320000000007,2770.1166666666663,2760.7,2760.7,2775.24,3,-0.005660048304914511,-15.670000000000073,119.11333333333334,119.02,119.02,119.17,3,-0.0011755816283756104,-0.14000000000000057,0,1,1
