date,region,mortgage_total_count_monthly,mortgage_total_volume_mln_rub_monthly,mortgage_total_rate_pct_monthly,mortgage_ddu_count_monthly,mortgage_ddu_volume_mln_rub_monthly,mortgage_ddu_rate_pct_monthly,source
2013-01-01,г. Москва,18.48,59.3,12.72,,,,retro_xlsx
2013-02-01,г. Москва,27.81,97.45,12.74,,,,retro_xlsx
2013-03-01,г. Москва,29.270000000000003,108.44999999999999,12.89,,,,retro_xlsx
2013-04-01,г. Москва,34.25,131.14,12.64,,,,retro_xlsx
2013-05-01,г. Москва,27.180000000000007,101.39000000000004,12.57,,,,retro_xlsx
2013-06-01,г. Москва,32.45999999999998,111.74000000000001,12.48,,,,retro_xlsx
2013-07-01,г. Москва,38.05000000000001,135.31999999999994,12.53,,,,retro_xlsx
2013-08-01,г. Москва,37.80000000000001,125.13999999999999,12.52,,,,retro_xlsx
2013-09-01,г. Москва,35.74000000000001,120.97000000000003,12.27,,,,retro_xlsx
2013-10-01,г. Москва,39.64999999999998,142.98000000000013,12.2,,,,retro_xlsx
2013-11-01,г. Москва,38.0,136.33999999999992,12.58,,,,retro_xlsx
2013-12-01,г. Москва,51.81999999999999,186.97000000000003,12.11,,,,retro_xlsx
2014-01-01,г. Москва,26.74,92.37,12.18,,,,retro_xlsx
2014-02-01,г. Москва,39.38000000000001,139.63,12.09,,,,retro_xlsx
2014-03-01,г. Москва,45.94999999999999,164.88,12.12,,,,retro_xlsx
2014-04-01,г. Москва,56.19,200.64999999999998,12.26,,,,retro_xlsx
2014-05-01,г. Москва,38.57000000000002,136.5,12.17,,,,retro_xlsx
2014-06-01,г. Москва,33.22999999999999,128.89999999999998,12.3,,,,retro_xlsx
2014-07-01,г. Москва,35.420000000000016,138.71000000000004,12.22,,,,retro_xlsx
2014-08-01,г. Москва,30.639999999999986,118.91999999999996,12.33,,,,retro_xlsx
2014-09-01,г. Москва,32.99000000000001,127.45000000000005,12.78,,,,retro_xlsx
2014-10-01,г. Москва,38.589999999999975,155.92000000000007,12.4,,,,retro_xlsx
2014-11-01,г. Москва,33.97000000000003,130.72000000000003,12.69,,,,retro_xlsx
2014-12-01,г. Москва,50.089999999999975,201.8599999999999,13.47,,,,retro_xlsx
2015-01-01,г. Москва,17.36,58.9,13.95,,,,retro_xlsx
2015-02-01,г. Москва,20.32,72.01999999999998,15.08,,,,retro_xlsx
2015-03-01,г. Москва,16.04,53.32000000000002,15.23,,,,retro_xlsx
2015-04-01,г. Москва,20.510000000000005,82.75999999999999,14.03,,,,retro_xlsx
2015-05-01,г. Москва,18.629999999999995,74.98000000000002,13.36,,,,retro_xlsx
2015-06-01,г. Москва,21.28,79.33999999999997,13.05,,,,retro_xlsx
2015-07-01,г. Москва,23.720000000000013,96.07,13.49,,,,retro_xlsx
2015-08-01,г. Москва,23.869999999999976,84.13999999999999,12.98,,,,retro_xlsx
2015-09-01,г. Москва,27.52000000000001,103.41000000000008,12.7,,,,retro_xlsx
2015-10-01,г. Москва,29.560000000000002,113.63999999999999,13.11,,,,retro_xlsx
2015-11-01,г. Москва,34.93000000000001,122.70999999999992,12.59,,,,retro_xlsx
2015-12-01,г. Москва,61.50999999999999,202.04999999999995,12.91,,,,retro_xlsx
2016-01-01,г. Москва,20.14,64.32,12.35,12.27,34.97,11.24,retro_xlsx
2016-02-01,г. Москва,53.790000000000006,194.04000000000002,11.86,34.92,104.93,11.16,retro_xlsx
2016-03-01,г. Москва,40.5,147.83999999999997,12.85,20.019999999999996,60.79999999999998,11.68,retro_xlsx
2016-04-01,г. Москва,44.349999999999994,165.57,12.69,20.980000000000004,66.75,12.07,retro_xlsx
2016-05-01,г. Москва,34.93000000000001,132.33000000000004,12.83,17.980000000000004,58.670000000000016,12.11,retro_xlsx
2016-06-01,г. Москва,38.72999999999999,136.11,12.87,20.049999999999997,63.69,11.88,retro_xlsx
2016-07-01,г. Москва,36.920000000000016,136.15999999999997,12.67,19.090000000000003,64.57,11.87,retro_xlsx
2016-08-01,г. Москва,39.97999999999996,150.84000000000003,12.55,20.819999999999993,68.00999999999999,11.73,retro_xlsx
2016-09-01,г. Москва,39.32000000000005,145.17000000000007,12.28,21.99000000000001,72.25,11.73,retro_xlsx
2016-10-01,г. Москва,40.099999999999966,152.55999999999995,12.51,21.75,75.47000000000003,11.64,retro_xlsx
2016-11-01,г. Москва,42.47000000000003,165.01999999999998,11.87,23.389999999999986,81.29999999999995,11.33,retro_xlsx
2016-12-01,г. Москва,60.26999999999998,235.76999999999998,11.6,33.379999999999995,116.38999999999999,11.32,retro_xlsx
2017-01-01,г. Москва,26.52,95.67,11.75,15.17,49.45,11.28,retro_xlsx
2017-02-01,г. Москва,34.790000000000006,139.31,11.85,17.28,63.61,11.55,retro_xlsx
2017-03-01,г. Москва,49.120000000000005,204.29999999999998,11.64,24.449999999999996,93.09,11.4,retro_xlsx
2017-04-01,г. Москва,51.97999999999999,208.27999999999997,11.36,26.32,98.42999999999998,10.87,retro_xlsx
2017-05-01,г. Москва,46.44,185.87,11.36,23.58,87.25999999999999,10.98,retro_xlsx
2017-06-01,г. Москва,48.59,196.31000000000006,11.16,23.260000000000005,86.29000000000002,10.66,retro_xlsx
2017-07-01,г. Москва,46.48000000000002,183.6500000000001,10.92,20.94999999999999,78.15999999999997,10.65,retro_xlsx
2017-08-01,г. Москва,51.0,203.4599999999998,10.56,24.49000000000001,91.74000000000001,10.25,retro_xlsx
2017-09-01,г. Москва,53.01999999999998,217.82000000000016,10.23,26.75,105.63,9.84,retro_xlsx
2017-10-01,г. Москва,62.920000000000016,258.9499999999998,10.2,29.629999999999995,114.76999999999998,9.91,retro_xlsx
2017-11-01,г. Москва,67.97000000000003,284.3800000000001,9.86,31.00999999999999,117.12,9.4,retro_xlsx
2017-12-01,г. Москва,86.21999999999991,358.8800000000001,9.93,37.24000000000001,148.45000000000005,9.86,retro_xlsx
2018-01-01,г. Москва,47.03,185.43,9.93,22.23,83.55,9.56,retro_xlsx
2018-02-01,г. Москва,62.120000000000005,251.70999999999998,9.74,28.429999999999996,108.49,9.46,retro_xlsx
2018-03-01,г. Москва,69.29999999999998,292.22,9.75,29.560000000000002,122.77000000000001,9.44,retro_xlsx
2018-04-01,г. Москва,73.84,319.55000000000007,9.65,30.150000000000006,127.52999999999997,9.29,retro_xlsx
2018-05-01,г. Москва,67.01000000000002,284.6999999999998,9.66,26.28,104.87000000000006,9.27,retro_xlsx
2018-06-01,г. Москва,69.94999999999999,302.34000000000015,9.44,27.03,115.43999999999994,9.09,retro_xlsx
2018-07-01,г. Москва,69.43,305.03999999999996,9.42,26.840000000000003,116.93000000000006,8.91,retro_xlsx
2018-08-01,г. Москва,74.94,333.76,9.43,31.119999999999976,135.64,8.97,retro_xlsx
2018-09-01,г. Москва,70.98000000000002,323.0799999999999,9.39,29.340000000000003,130.92000000000007,9.01,retro_xlsx
2018-10-01,г. Москва,87.65999999999997,393.22000000000025,9.36,35.20000000000002,154.9699999999998,9.05,retro_xlsx
2018-11-01,г. Москва,89.13999999999999,401.77999999999975,9.53,34.24000000000001,152.4000000000001,9.12,retro_xlsx
2018-12-01,г. Москва,100.00999999999999,459.1700000000001,9.72,36.589999999999975,158.83999999999992,9.25,retro_xlsx
2019-01-01,г. Москва,53.07,231.17,9.95,26.01,111.6,9.55,modern_monthly
2019-02-01,г. Москва,71.05,326.11,10.17,32.4,146.9,9.75,modern_monthly
2019-03-01,г. Москва,70.08,323.78,10.4,32.58,147.08,9.89,modern_monthly
2019-04-01,г. Москва,73.97,345.27,10.53,32.34,147.28,9.91,modern_monthly
2019-05-01,г. Москва,55.87,265.88,10.51,27.01,127.44,9.87,modern_monthly
2019-06-01,г. Москва,61.56,298.69,10.21,29.54,138.81,9.6,modern_monthly
2019-07-01,г. Москва,62.62,308.88,10.26,25.84,130.37,9.47,modern_monthly
2019-08-01,г. Москва,64.55,304.66,9.9,28.6,135.49,9.17,modern_monthly
2019-09-01,г. Москва,64.19,309.97,9.65,29.81,143.89,9.02,modern_monthly
2019-10-01,г. Москва,75.41,378.45,9.37,34.15,170.17,8.71,modern_monthly
2019-11-01,г. Москва,78.16,392.45,9.13,33.4,171.52,8.38,modern_monthly
2019-12-01,г. Москва,104.96,545.42,9.02,40.6,210.42,8.17,modern_monthly
2020-01-01,г. Москва,60.7,301.21,8.87,27.61,137.59,8.08,modern_monthly
2020-02-01,г. Москва,85.99,448.98,8.8,35.12,189.36,8.02,modern_monthly
2020-03-01,г. Москва,98.42,530.51,8.71,38.74,212.14,7.96,modern_monthly
2020-04-01,г. Москва,48.13,235.37,8.51,17.32,89.18,6.86,modern_monthly
2020-05-01,г. Москва,50.91,249.12,7.4,24.27,119.5,5.37,modern_monthly
2020-06-01,г. Москва,79.06,397.73,7.74,33.86,177.18,6.26,modern_monthly
2020-07-01,г. Москва,100.69,543.6,7.49,44.38,253.41,5.98,modern_monthly
2020-08-01,г. Москва,111.58,603.32,7.36,48.24,279.2,5.93,modern_monthly
2020-09-01,г. Москва,137.63,749.13,7.4,54.6,326.62,6.04,modern_monthly
2020-10-01,г. Москва,146.71,823.2,7.37,58.72,361.97,6.01,modern_monthly
2020-11-01,г. Москва,138.27,774.97,7.43,52.81,324.18,6.06,modern_monthly
2020-12-01,г. Москва,153.59,880.1,7.54,57.08,341.94,6.03,modern_monthly
2021-01-01,г. Москва,74.94,423.7,7.34,31.85,188.6,6.01,modern_monthly
2021-02-01,г. Москва,112.9,679.37,7.47,46.27,301.24,6.2,modern_monthly
2021-03-01,г. Москва,132.48,808.58,7.51,50.2,336.79,6.22,modern_monthly
2021-04-01,г. Москва,143.39,898.21,7.45,54.61,384.96,6.2,modern_monthly
2021-05-01,г. Москва,104.1,660.79,7.32,41.65,292.35,5.99,modern_monthly
2021-06-01,г. Москва,129.81,842.55,7.24,58.26,418.95,5.87,modern_monthly
2021-07-01,г. Москва,94.96,619.29,8.11,29.71,217.01,6.78,modern_monthly
2021-08-01,г. Москва,96.22,623.7,8.06,34.76,244.67,6.81,modern_monthly
2021-09-01,г. Москва,105.07,687.27,8.01,43.19,303.27,6.67,modern_monthly
2021-10-01,г. Москва,108.48,733.21,7.83,44.78,325.85,6.37,modern_monthly
2021-11-01,г. Москва,109.9,779.03,7.57,48.38,363.32,6.16,modern_monthly
2021-12-01,г. Москва,135.6,957.96,7.88,60.36,443.68,6.36,modern_monthly
2022-01-01,г. Москва,70.52,493.56,7.87,36.58,261.66,6.46,modern_monthly
2022-02-01,г. Москва,102.01,736.59,8.23,48.67,365.82,6.67,modern_monthly
2022-03-01,г. Москва,101.42,633.34,8.31,53.3,327.25,6.14,modern_monthly
2022-04-01,г. Москва,39.73,245.06,8.19,21.68,151.23,5.8,modern_monthly
2022-05-01,г. Москва,36.78,259.46,4.88,24.31,192.28,2.86,modern_monthly
2022-06-01,г. Москва,55.73,458.82,5.69,32.29,285.61,3.28,modern_monthly
2022-07-01,г. Москва,68.39,549.22,6.09,34.78,319.37,3.61,modern_monthly
2022-08-01,г. Москва,82.17,651.53,6.0,39.31,355.21,3.33,modern_monthly
2022-09-01,г. Москва,86.42,697.07,6.11,40.0,363.56,3.47,modern_monthly
2022-10-01,г. Москва,69.34,503.84,6.99,22.98,192.95,3.44,modern_monthly
2022-11-01,г. Москва,75.56,559.73,6.46,31.61,268.5,3.2,modern_monthly
2022-12-01,г. Москва,108.61,868.82,6.17,50.36,442.36,3.1,modern_monthly
2023-01-01,г. Москва,48.04,348.05,7.71,19.49,156.66,5.25,modern_monthly
2023-02-01,г. Москва,70.66,525.4,7.83,30.38,250.53,5.51,modern_monthly
2023-03-01,г. Москва,93.88,700.27,8.34,39.63,302.07,5.93,modern_monthly
2023-04-01,г. Москва,93.89,700.76,8.55,36.81,292.08,6.47,modern_monthly
2023-05-01,г. Москва,93.93,693.93,8.51,37.24,295.5,6.36,modern_monthly
2023-06-01,г. Москва,103.99,766.97,8.55,39.76,319.78,6.53,modern_monthly
2023-07-01,г. Москва,108.87,780.36,8.26,48.06,365.94,6.3,modern_monthly
2023-08-01,г. Москва,140.07,1030.55,8.1,66.47,518.3,6.27,modern_monthly
2023-09-01,г. Москва,151.81,1114.78,8.02,76.46,608.21,6.13,modern_monthly
2023-10-01,г. Москва,129.22,931.84,8.31,63.24,510.52,6.37,modern_monthly
2023-11-01,г. Москва,118.46,825.33,8.4,60.92,473.43,6.35,modern_monthly
2023-12-01,г. Москва,129.24,932.49,8.06,73.99,594.53,6.31,modern_monthly
2024-01-01,г. Москва,48.53,315.78,8.64,22.57,175.65,6.46,modern_monthly
2024-02-01,г. Москва,60.71,410.83,9.85,25.91,207.16,6.88,modern_monthly
2024-03-01,г. Москва,84.4,609.34,8.77,42.0,361.25,6.61,modern_monthly
2024-04-01,г. Москва,81.31,580.53,8.78,39.69,334.66,6.59,modern_monthly
2024-05-01,г. Москва,95.37,661.77,8.55,50.65,410.03,6.55,modern_monthly
2024-06-01,г. Москва,134.48,906.66,8.0,76.07,587.78,6.53,modern_monthly
2024-07-01,г. Москва,60.07,400.03,11.33,17.99,169.42,7.17,modern_monthly
2024-08-01,г. Москва,61.36,433.45,10.34,26.48,231.02,7.48,modern_monthly
2024-09-01,г. Москва,58.56,424.1,9.46,28.66,248.0,6.9,modern_monthly
2024-10-01,г. Москва,66.01,471.18,9.61,32.76,279.29,6.55,modern_monthly
2024-11-01,г. Москва,50.32,340.32,9.26,25.93,214.65,6.53,modern_monthly
2024-12-01,г. Москва,55.8,387.95,8.71,32.36,257.43,6.37,modern_monthly
2025-01-01,г. Москва,31.85,213.5,8.54,21.3,160.06,6.63,modern_monthly
2025-02-01,г. Москва,48.91,354.89,8.16,33.1,258.61,6.47,modern_monthly
2025-03-01,г. Москва,49.27,356.52,8.08,32.51,256.42,6.58,modern_monthly
2025-04-01,г. Москва,51.31,389.98,8.41,29.92,243.75,6.71,modern_monthly
2025-05-01,г. Москва,48.03,362.12,8.6,29.99,248.1,6.91,modern_monthly
2025-06-01,г. Москва,46.52,357.14,8.64,28.01,238.85,7.16,modern_monthly
2025-07-01,г. Москва,53.24,403.76,8.69,30.45,251.42,7.06,modern_monthly
2025-08-01,г. Москва,58.84,442.99,8.73,34.32,286.46,7.2,modern_monthly
2025-09-01,г. Москва,63.52,493.57,9.31,38.28,335.34,7.81,modern_monthly
2025-10-01,г. Москва,72.86,560.46,9.61,41.83,355.88,7.66,modern_monthly
2025-11-01,г. Москва,78.26,623.84,8.89,49.53,431.09,7.18,modern_monthly
2025-12-01,г. Москва,117.1,939.59,8.58,70.94,623.81,7.04,modern_monthly
2026-01-01,г. Москва,68.27,562.51,8.4,41.86,373.89,7.24,modern_monthly
2026-02-01,г. Москва,47.21,344.74,11.91,18.17,155.07,8.89,modern_monthly
